30001192,,466573463,5/1/2007,1,275,0,60,35,39,0,0,0,0,0,0,0,0,,0,121,0.485,0,0,2,parker,Direct and coordinate ROW efforts and agents; email correspondance; gather updates from agents; communicate with landowners. Work with surveyors out on properties.,0
30001192,,466573463,5/2/2007,1,275,0,60,35,39,30,0,0,0,0,0,0,0,,0,112,0.485,0,0,2,parker,coordinate ROW efforts and agents; gather updates; communicate with landowners; gather survey information; meet with owners; email correspondance; update client. Gather copies of plats from courthouse. Meet with city offical.,0
30001192,,466573463,5/3/2007,1,275,0,60,35,39,22,0,0,0,0,0,0,0,,0,143,0.485,0,0,2,parker,Coordinate ROW efforts and agents; email correspondance; communicate with landowners; draft a letter to the TECQ and submit to client for approval; Meet with landwner. Due diligence.,0
30001192,,466573463,5/4/2007,1,275,0,0,20,39,0,0,0,0,0,0,0,0,,0,273,0.485,0,0,2,parker,Coordinate ROW efforts and agents; Prep files to turn in; Pass along updates; Talk with landowners; Email correspondance; Communicate with surveyors; Advise client of anything significant with line.,0
30001192,,466573463,5/7/2007,1,275,0,0,0,39,0,0,0,0,0,0,0,0,,0,0,0.485,0,0,2,parker,Handled several phone calls from landowners, construction, survey, and agents on Burns line; Had lengthy discussion with a couple of landowners and agents. Passed information along to agents on the line.,0
