693048100,,467275385,5/1/2007,1,275,0,65,30,0,0,0,0,0,0,0,0,0,,0,65,0.485,0,0,2,,contacting landowners to negotiate easements Meeting with Ben Johnson to move route.,0
693048100,,467275385,5/2/2007,1,275,0,65,30,0,0,0,0,0,0,0,0,0,,0,75,0.485,0,0,2,,contacting landowners to negotiate easement. Checking route on the ground,0
693048100,,467275385,5/3/2007,1,275,0,65,30,0,0,0,0,0,0,0,0,0,,0,72,0.485,0,0,2,,contacting landowners to setup appointments,0
693048100,,467275385,5/4/2007,1,275,0,65,30,0,0,0,0,0,0,0,0,0,,0,72,0.485,0,0,2,,Met with Mrs. Sweeney onsite to check route. Making landowner contacts,0
693048100,,467275385,5/5/2007,1,275,0,0,0,0,0,0,0,0,0,0,0,0,,0,0,0.485,0,0,2,,making corrections to easements and receipt and release forms per Enbridge changes,0
693048100,,467275385,5/7/2007,1,275,0,65,30,0,0,0,0,0,0,0,0,0,,0,77,0.485,0,0,2,,checking route on tracts for any issues.,0
693048100,,467275385,5/8/2007,1,275,0,65,30,0,0,0,0,0,0,0,0,0,,0,64,0.485,0,0,2,,Meeting with Mr. Flinn at his house to discuss and review easement and damages.  Making contacts.,0
693048100,,467275385,5/9/2007,1,275,0,65,30,0,0,0,0,0,0,0,0,0,,0,55,0.485,0,0,2,,Meeting with Deerfield Ranch to walk route.  Setting up meetings,0
693048100,,467275385,5/10/2007,1,275,0,65,30,0,0,0,0,0,0,0,0,0,,0,78,0.485,0,0,2,,Walking tracts to check for any issues.,0
693048100,,467275385,5/11/2007,1,275,0,65,30,0,0,0,0,0,0,0,0,0,,0,79,0.485,0,0,2,,negotiating easements with landowners,0
693048100,,467275385,5/14/2007,1,275,0,65,30,0,0,0,0,0,0,0,0,0,,0,65,0.485,0,0,2,,Meeting with Ben Johnson and Enbridge Construction onsite for bore issues on tract.  Negotiating easements,0
693048100,,467275385,5/15/2007,1,275,0,65,30,0,0,0,0,0,0,0,0,0,,0,77,0.485,0,0,2,,Meeting with landowners to negotiate easement.,0
