711616,,455047394,5/1/2007,1,200,0,56.49,35,0,0,0,0,0,0,0,0,0,OfficeSupply,1.4,110,0.5,0,0,2,Tarrant,Driving pipeline, Meeting with construction, Getting contact information,0
711616,,455047394,5/2/2007,1,200,0,56.49,35,0,1.93,0,0,0,0,0,0,0,,0,64,0.5,0,0,2,Tarrant,Team meeting with Jay Smith, meeting with landowners, contacting landowners,0
711616,,455047394,5/3/2007,1,200,0,0,20,0,0,0,0,0,0,0,0,0,,0,167,0.5,0,0,2,Tarrant,Meeting with construction inspector, meeting with landowners, driving pipeline, making contacts,0
711616,,455047394,5/4/2007,1,200,0,0,20,0,0,0,0,0,0,0,0,0,,0,24,0.5,0,0,2,Tarrant,Working on contracts, pulling documents, taking information to surveyor.,0
711616,,455047394,5/7/2007,1,200,0,56.49,35,0,0,0,0,0,0,0,0,0,,0,166,0.5,0,0,2,Tarrant,Driving pipeline, meeting with landowners, working on maps.,0
711616,,455047394,5/8/2007,1,200,0,56.49,35,0,0,0,0,0,0,0,0,0,Office Supply,1.4,74,0.5,0,0,2,Tarrant,Working on maps, working on contracts, negotiations with landowners.,0
711616,,455047394,5/9/2007,1,200,0,56.49,35,0,0,0,0,0,0,0,0,0,,0,67,0.5,0,0,2,Tarrant,Working on contracts, meeting with landowners, working on re-route.,0
711616,,455047394,5/10/2007,1,200,0,56.49,35,0,0,105,0,0,0,0,0,0,,0,79,0.5,0,0,2,Tarrant,Meeting with Kenny Williamson, filing ROW's at courthouse.,0
711616,,455047394,5/11/2007,1,200,0,0,20,0,0,0,0,0,0,0,0,0,,0,167,0.5,0,0,2,Tarrant,Meeting with Kenny Williamson and Jim Calloway, meeting with Jay Smith, working on final packets, working on permits,0
653969,,455047394,5/14/2007,1,200,0,56.49,35,0,0,0,0,0,0,0,0,0,Office Supply,29.17,185,0.5,0,0,2,Johnson,Working on permits, negotiating with landowners,0
653969,,455047394,5/15/2007,1,200,0,56.49,35,0,0,0,0,0,0,0,0,0,,0,95,0.5,0,0,2,Johnson,Working on permits, pulling documents at courthouse, meeting with Jeff Harbour, meeting with Jay Smith and driving pipeline,0
,,455047394,5/15/2007,0,0,0,0,0,0,0,0,0,0,0,0,0,0,,0,0,0,0,0,1,,,0
