<?xml version="1.0" encoding="UTF-8"?>
<index>
	<title>Source of StreamPubSub</title>
	<nodes>
		<node label="code" icon="packageIcon" expanded="true">
			<node label="Reflection.as" icon="actionScriptIcon" url="source/code/Reflection.as.html"/>
			<node label="SimpleGradientBorder.as" icon="actionScriptIcon" url="source/code/SimpleGradientBorder.as.html"/>
		</node>
		<node label="images">
			<node label="687008_13595865.jpg" icon="imageIcon" url="source/images/687008_13595865.jpg.html"/>
			<node label="close.png" icon="imageIcon" url="source/images/close.png.html"/>
		</node>
		<node label="ChatController.as" icon="actionScriptIcon" url="source/ChatController.as.html"/>
		<node label="chatuser.jpg" icon="imageIcon" url="source/chatuser.jpg.html"/>
		<node label="index.htm" icon="htmlIcon" url="source/index.htm"/>
		<node label="MyButton.as" icon="actionScriptIcon" url="source/MyButton.as.html"/>
		<node label="MyTabBar.as" icon="actionScriptIcon" url="source/MyTabBar.as.html"/>
		<node label="MyTabNavigator.as" icon="actionScriptIcon" url="source/MyTabNavigator.as.html"/>
		<node label="SelectionController.as" icon="actionScriptIcon" url="source/SelectionController.as.html"/>
		<node selected="true" label="SelectVideoChatRoom.mxml" icon="mxmlAppIcon" url="source/SelectVideoChatRoom.mxml.html"/>
		<node label="sequence-diagram.jpg" icon="imageIcon" url="source/sequence-diagram.jpg.html"/>
		<node label="VideoChat.mxml" icon="mxmlIcon" url="source/VideoChat.mxml.html"/>
	</nodes>
	<zipfile label="Download source (ZIP, 132K)" url="StreamPubSub.zip"/>
	<sdklink label="Download Flex 2 SDK" url="http://www.adobe.com/go/flex2_sdk"/>
</index>
