<?xml version="1.0" encoding="UTF-8"?>
<index>
	<title>Source of BallControl</title>
	<nodes>
		<node selected="true" label="BallControl.mxml" icon="mxmlAppIcon" url="source/BallControl.mxml.html"/>
		<node label="brown.jpg" icon="imageIcon" url="source/brown.jpg.html"/>
		<node label="index.htm" icon="htmlIcon" url="source/index.htm"/>
	</nodes>
	<zipfile label="Download source (ZIP, 9K)" url="BallControl.zip"/>
	<sdklink label="Download Flex 2 SDK" url="http://www.adobe.com/go/flex2_sdk"/>
</index>
