delete from RateByAssignment;
delete from AssetAssignment;
delete from SubAfe;
delete from Afe;
delete from Client;
delete from UserAsset;
delete from Bill
delete from Asset;
delete from AssetType;
delete from PermissionAssignment;
delete from UserRole;
delete from [User];
delete from Bill;
go

set identity_insert [User] on
insert into [User] (UserId, Login, Password, Email, IsActive, HackingAttempts, Deleted) values ( 1, 'tina',     'tina',     'valery@affilia.com',     1, 0, 0);
insert into [User] (UserId, Login, Password, Email, IsActive, HackingAttempts, Deleted) values ( 2, 'rlove',    'rlove',    'valery@affilia.com',     1, 0, 0);
insert into [User] (UserId, Login, Password, Email, IsActive, HackingAttempts, Deleted) values ( 3, 'glee',     'glee',     'valery@affilia.com',     1, 0, 0);
insert into [User] (UserId, Login, Password, Email, IsActive, HackingAttempts, Deleted) values ( 4, 'pshaffer', 'pshaffer', 'valery@affilia.com',     1, 0, 0);
insert into [User] (UserId, Login, Password, Email, IsActive, HackingAttempts, Deleted) values ( 5, 'lballard', 'lballard', 'valery@affilia.com',     1, 0, 0);
insert into [User] (UserId, Login, Password, Email, IsActive, HackingAttempts, Deleted) values ( 6, 'rmcmakin', 'rmcmakin', 'valery@affilia.com',     1, 0, 0);
insert into [User] (UserId, Login, Password, Email, IsActive, HackingAttempts, Deleted) values ( 7, 'sjerge',   'sjerge',   'valery@affilia.com',     1, 0, 0);
insert into [User] (UserId, Login, Password, Email, IsActive, HackingAttempts, Deleted) values ( 8, 'chodge',   'chodge',   'valery@affilia.com',     1, 0, 0);
insert into [User] (UserId, Login, Password, Email, IsActive, HackingAttempts, Deleted) values ( 9, 'jorozco',  'jorozco',  'valery@affilia.com',     1, 0, 0);
insert into [User] (UserId, Login, Password, Email, IsActive, HackingAttempts, Deleted) values (10, 'msessions','msessions','valery@affilia.com',     1, 0, 0);
insert into [User] (UserId, Login, Password, Email, IsActive, HackingAttempts, Deleted) values (11, 'csmith',   'csmith',   'valery@affilia.com',     1, 0, 0);
insert into [User] (UserId, Login, Password, Email, IsActive, HackingAttempts, Deleted) values (12, 'jcowan',   'jcowan',   'valery@affilia.com',     1, 0, 0);
insert into [User] (UserId, Login, Password, Email, IsActive, HackingAttempts, Deleted) values (13, 'rzimmer',  'rzimmer',  'valery@affilia.com',     1, 0, 0);
insert into [User] (UserId, Login, Password, Email, IsActive, HackingAttempts, Deleted) values (14, 'rhodge',   'rhodge',   'r_hodge@tractinc.com',   1, 0, 0);
insert into [User] (UserId, Login, Password, Email, IsActive, HackingAttempts, Deleted) values (15, 'mfillips', 'mfillips', 'm_philips@tractinc.com', 1, 0, 0);
insert into [User] (UserId, Login, Password, Email, IsActive, HackingAttempts, Deleted) values (16, 'david',    'david',    'd_irby@tractinc.com',    1, 0, 0);
set identity_insert [User] off
go

set identity_insert [UserRole] on
insert into [UserRole] (UserRoleId, UserId, RoleId) values ( 1,  1, 1);
insert into [UserRole] (UserRoleId, UserId, RoleId) values ( 2,  2, 3);
insert into [UserRole] (UserRoleId, UserId, RoleId) values ( 3,  3, 2);
insert into [UserRole] (UserRoleId, UserId, RoleId) values ( 4,  4, 2);
insert into [UserRole] (UserRoleId, UserId, RoleId) values ( 5,  5, 2);
insert into [UserRole] (UserRoleId, UserId, RoleId) values ( 6,  6, 2);
insert into [UserRole] (UserRoleId, UserId, RoleId) values ( 7,  7, 2);
insert into [UserRole] (UserRoleId, UserId, RoleId) values ( 8,  8, 2);
insert into [UserRole] (UserRoleId, UserId, RoleId) values ( 9,  9, 2);
insert into [UserRole] (UserRoleId, UserId, RoleId) values (10, 10, 2);
insert into [UserRole] (UserRoleId, UserId, RoleId) values (11, 11, 2);
insert into [UserRole] (UserRoleId, UserId, RoleId) values (12, 12, 2);
insert into [UserRole] (UserRoleId, UserId, RoleId) values (13, 13, 2);
insert into [UserRole] (UserRoleId, UserId, RoleId) values (14, 14, 2);
insert into [UserRole] (UserRoleId, UserId, RoleId) values (15, 15, 2);
insert into [UserRole] (UserRoleId, UserId, RoleId) values (16, 16, 2);
set identity_insert [UserRole] off
go

set identity_insert [PermissionAssignment] on
insert into [PermissionAssignment] ( PermissionAssignmentId, PermissionId, RoleId ) values ( 1, 1, 2 )
insert into [PermissionAssignment] ( PermissionAssignmentId, PermissionId, RoleId ) values ( 2, 1, 3 )
insert into [PermissionAssignment] ( PermissionAssignmentId, PermissionId, RoleId ) values ( 3, 2, 3 )
set identity_insert [PermissionAssignment] off
go

insert into AssetType([Type])
values ('LANDMAN')
go

set identity_insert Asset on

insert into Asset(AssetId, [Type], ChiefAssetId, BusinessName, FirstName, MiddleName, LastName, SSN, Deleted) values ( 1, 'LANDMAN',  1, 'Rob Love',         'Rob',     '', 'Love',     '',          0);
insert into Asset(AssetId, [Type], ChiefAssetId, BusinessName, FirstName, MiddleName, LastName, SSN, Deleted) values ( 2, 'LANDMAN',  1, 'Gina Lee',         'Gina',    '', 'Lee',      '',          0);
insert into Asset(AssetId, [Type], ChiefAssetId, BusinessName, FirstName, MiddleName, LastName, SSN, Deleted) values ( 3, 'LANDMAN',  1, 'Phil Shaffer',     'Phil',    '', 'Shaffer',  '',          0);
insert into Asset(AssetId, [Type], ChiefAssetId, BusinessName, FirstName, MiddleName, LastName, SSN, Deleted) values ( 4, 'LANDMAN',  1, 'Lee Ballard',      'Lee',     '', 'Ballard',  '',          0);
insert into Asset(AssetId, [Type], ChiefAssetId, BusinessName, FirstName, MiddleName, LastName, SSN, Deleted) values ( 5, 'LANDMAN',  1, 'Ryan McMakin',     'Ryan',    '', 'McMakin',  '',          0);
insert into Asset(AssetId, [Type], ChiefAssetId, BusinessName, FirstName, MiddleName, LastName, SSN, Deleted) values ( 6, 'LANDMAN',  1, 'Sarah Jerge',      'Sarah',   '', 'Jerge',    '',          0);
insert into Asset(AssetId, [Type], ChiefAssetId, BusinessName, FirstName, MiddleName, LastName, SSN, Deleted) values ( 7, 'LANDMAN',  1, 'Charla Hodge',     'Charla',  '', 'Hodge',    '',          0);
insert into Asset(AssetId, [Type], ChiefAssetId, BusinessName, FirstName, MiddleName, LastName, SSN, Deleted) values ( 8, 'LANDMAN',  1, 'Jacob Orozco',     'Jacob',   '', 'Orozco',   '',          0);
insert into Asset(AssetId, [Type], ChiefAssetId, BusinessName, FirstName, MiddleName, LastName, SSN, Deleted) values ( 9, 'LANDMAN',  1, 'Michael Sessions', 'Michael', '', 'Sessions', '',          0);
insert into Asset(AssetId, [Type], ChiefAssetId, BusinessName, FirstName, MiddleName, LastName, SSN, Deleted) values (10, 'LANDMAN',  1, 'Cory Smith',       'Cory',    '', 'Smith',    '',          0);
insert into Asset(AssetId, [Type], ChiefAssetId, BusinessName, FirstName, MiddleName, LastName, SSN, Deleted) values (11, 'LANDMAN',  1, 'John Cowan',       'John',    '', 'Cowan',    '',          0);
insert into Asset(AssetId, [Type], ChiefAssetId, BusinessName, FirstName, MiddleName, LastName, SSN, Deleted) values (12, 'LANDMAN',  1, 'Rich Zimmer',      'Rich',    '', 'Zimmer',   '',          0);
insert into Asset(AssetId, [Type], ChiefAssetId, BusinessName, FirstName, MiddleName, LastName, SSN, Deleted) values (13, 'LANDMAN', 13, 'Ray Hodge',        'Ray',     '', 'Hodge',    ' ',         0);
insert into Asset(AssetId, [Type], ChiefAssetId, BusinessName, FirstName, MiddleName, LastName, SSN, Deleted) values (14, 'LANDMAN', 13, 'Mike Fillips',     'Mike',    '', 'Fillips',  ' ',         0);
insert into Asset(AssetId, [Type], ChiefAssetId, BusinessName, FirstName, MiddleName, LastName, SSN, Deleted) values (15, 'LANDMAN', 15, 'David',            'David',   '', 'Irby',     '999999999', 0);

set identity_insert Asset off
go

set identity_insert UserAsset on

insert into UserAsset(UserAssetId, UserId, AssetId, Deleted) values ( 1,  2,  1, 0);
insert into UserAsset(UserAssetId, UserId, AssetId, Deleted) values ( 2,  3,  2, 0);
insert into UserAsset(UserAssetId, UserId, AssetId, Deleted) values ( 3,  4,  3, 0);
insert into UserAsset(UserAssetId, UserId, AssetId, Deleted) values ( 4,  5,  4, 0);
insert into UserAsset(UserAssetId, UserId, AssetId, Deleted) values ( 5,  6,  5, 0);
insert into UserAsset(UserAssetId, UserId, AssetId, Deleted) values ( 6,  7,  6, 0);
insert into UserAsset(UserAssetId, UserId, AssetId, Deleted) values ( 7,  8,  7, 0);
insert into UserAsset(UserAssetId, UserId, AssetId, Deleted) values ( 8,  9,  8, 0);
insert into UserAsset(UserAssetId, UserId, AssetId, Deleted) values ( 9, 10,  9, 0);
insert into UserAsset(UserAssetId, UserId, AssetId, Deleted) values (10, 11, 10, 0);
insert into UserAsset(UserAssetId, UserId, AssetId, Deleted) values (11, 12, 11, 0);
insert into UserAsset(UserAssetId, UserId, AssetId, Deleted) values (12, 13, 12, 0);
insert into UserAsset(UserAssetId, UserId, AssetId, Deleted) values (13, 14, 13, 0);
insert into UserAsset(UserAssetId, UserId, AssetId, Deleted) values (14, 15, 14, 0);
insert into UserAsset(UserAssetId, UserId, AssetId, Deleted) values (15, 16, 15, 0);

set identity_insert UserAsset off
go

set identity_insert Client on

insert into Client(ClientId, ClientName, ClientAddress, Active, Deleted) values(1, 'Anadarko',             '810 Houston St, Ft Worth, TX 76102',   1, 0);
insert into Client(ClientId, ClientName, ClientAddress, Active, Deleted) values(2, 'XTO Energy',           '810 Houston St, Fort Worth, TX 76102', 1, 0);
insert into Client(ClientId, ClientName, ClientAddress, Active, Deleted) values(3, 'Barnett Gathering LP', '810 Houston St, Fort Worth, TX 76102', 1, 0);

set identity_insert Client off
go


insert into Afe(AFE, ClientId, AFEName, AFEStatus, Deleted) values ('650963', 1, 'KIMBROUGH-DUNLAP 4H',     'ISSUED', 0);
insert into Afe(AFE, ClientId, AFEName, AFEStatus, Deleted) values ('710133', 1, 'BLASENGAME UNIT 1H',      'ISSUED', 0);
insert into Afe(AFE, ClientId, AFEName, AFEStatus, Deleted) values ('711244', 1, 'WILKINSON UNIT 02H',      'ISSUED', 0);
insert into Afe(AFE, ClientId, AFEName, AFEStatus, Deleted) values ('711365', 1, 'TRBP-RAILHEAD UNIT 1H',   'ISSUED', 0);
insert into Afe(AFE, ClientId, AFEName, AFEStatus, Deleted) values ('711771', 3, 'AZLE TRUNKLINE ',         'ISSUED', 0);
insert into Afe(AFE, ClientId, AFEName, AFEStatus, Deleted) values ('712345', 1, 'INDIAN CREEK D 10H',      'ISSUED', 0);
insert into Afe(AFE, ClientId, AFEName, AFEStatus, Deleted) values ('712400', 1, 'LEWIS UNIT A 3H',         'ISSUED', 0);
insert into Afe(AFE, ClientId, AFEName, AFEStatus, Deleted) values ('712558', 1, 'CURL 03H',                'ISSUED', 0);
insert into Afe(AFE, ClientId, AFEName, AFEStatus, Deleted) values ('712559', 1, 'HASLET HEIGHTS 09H',      'ISSUED', 0);
insert into Afe(AFE, ClientId, AFEName, AFEStatus, Deleted) values ('712572', 1, 'MORRIS-FOUST UNIT 05H',   'ISSUED', 0);
insert into Afe(AFE, ClientId, AFEName, AFEStatus, Deleted) values ('712601', 1, 'RAFAEL UNIT B 1H',        'ISSUED', 0);
insert into Afe(AFE, ClientId, AFEName, AFEStatus, Deleted) values ('712635', 1, 'BARKSDALE B UNIT 01H',    'ISSUED', 0);
insert into Afe(AFE, ClientId, AFEName, AFEStatus, Deleted) values ('713032', 2, 'CITCARP UNIT SOUTH 04H ', 'ISSUED', 0);
insert into Afe(AFE, ClientId, AFEName, AFEStatus, Deleted) values ('652708', 2, 'Risinger Trunkline',      'ISSUED', 0);
insert into Afe(AFE, ClientId, AFEName, AFEStatus, Deleted) values ('653325', 2, 'SDA BURLESON UNIT 1H',    'ISSUED', 0);
insert into Afe(AFE, ClientId, AFEName, AFEStatus, Deleted) values ('713087', 2, 'Jackson Jerry Unit 2H Well', 'ISSUED', 0);
insert into Afe(AFE, ClientId, AFEName, AFEStatus, Deleted) values ('9224',   2, 'Ken-Tex area Wide',       'ISSUED', 0);
insert into Afe(AFE, ClientId, AFEName, AFEStatus, Deleted) values ('711936', 2, 'BRENTLINGER UNIT A 1H',   'ISSUED', 0);
insert into Afe(AFE, ClientId, AFEName, AFEStatus, Deleted) values ('653969', 2, 'HIGH VIEW ESTATES 1-H',   'ISSUED', 0);
insert into Afe(AFE, ClientId, AFEName, AFEStatus, Deleted) values ('713026', 2, 'QUARRY A 02H',            'ISSUED', 0);
insert into Afe(AFE, ClientId, AFEName, AFEStatus, Deleted) values ('654767', 2, 'DOLLAR BOOTH 1H',         'ISSUED', 0);
insert into Afe(AFE, ClientId, AFEName, AFEStatus, Deleted) values ('713778', 2, 'AOG to Gibbs Pipeline',   'ISSUED', 0);

go


insert into SubAfe(SubAFE, AFE, SubAFEStatus, ShortName, Deleted) values ('AZLE TRUNKLINE',         '711771', 'ISSUED', 'AZLE TRUNK', 0);
insert into SubAfe(SubAFE, AFE, SubAFEStatus, ShortName, Deleted) values ('Barham 1H',              '712635', 'ISSUED', 'B1H',        0);
insert into SubAfe(SubAFE, AFE, SubAFEStatus, ShortName, Deleted) values ('Barksdale B 1H',         '712635', 'ISSUED', 'BB1H',       0);
insert into SubAfe(SubAFE, AFE, SubAFEStatus, ShortName, Deleted) values ('Blasingame Unit A',      '710133', 'ISSUED', 'BUA',        0);
insert into SubAfe(SubAFE, AFE, SubAFEStatus, ShortName, Deleted) values ('CITCARP UNIT SOUTH 04H', '713032', 'ISSUED', 'CITCARP',    0);
insert into SubAfe(SubAFE, AFE, SubAFEStatus, ShortName, Deleted) values ('Curl 3H',                '712558', 'ISSUED', 'C3H',        0);
insert into SubAfe(SubAFE, AFE, SubAFEStatus, ShortName, Deleted) values ('Haslet Heights 9H',      '712559', 'ISSUED', 'HH9H',       0);
insert into SubAfe(SubAFE, AFE, SubAFEStatus, ShortName, Deleted) values ('Indian Creek 10',        '712345', 'ISSUED', 'IC10',       0);
insert into SubAfe(SubAFE, AFE, SubAFEStatus, ShortName, Deleted) values ('Indian Creek 8',         '712345', 'ISSUED', 'IC8',        0);
insert into SubAfe(SubAFE, AFE, SubAFEStatus, ShortName, Deleted) values ('Indian Creek D9',        '712345', 'ISSUED', 'ICD9',       0);
insert into SubAfe(SubAFE, AFE, SubAFEStatus, ShortName, Deleted) values ('Indian Creek H6',        '712345', 'ISSUED', 'ICH6',       0);
insert into SubAfe(SubAFE, AFE, SubAFEStatus, ShortName, Deleted) values ('Indian Creek M4',        '712345', 'ISSUED', 'ICM4',       0);
insert into SubAfe(SubAFE, AFE, SubAFEStatus, ShortName, Deleted) values ('Indian Creek M5',        '712345', 'ISSUED', 'ICM5',       0);
insert into SubAfe(SubAFE, AFE, SubAFEStatus, ShortName, Deleted) values ('JD DAVIS',               '712559', 'ISSUED', 'JDAVIS',     0);
insert into SubAfe(SubAFE, AFE, SubAFEStatus, ShortName, Deleted) values ('Kimbrough Dunlap 4H',    '650963', 'ISSUED', 'KD4H',       0);
insert into SubAfe(SubAFE, AFE, SubAFEStatus, ShortName, Deleted) values ('Kimbrough Dunlap 6',     '650963', 'ISSUED', 'KD6',        0);
insert into SubAfe(SubAFE, AFE, SubAFEStatus, ShortName, Deleted) values ('Kimbrough Dunlap 8H',    '650963', 'ISSUED', 'KD8H',       0);
insert into SubAfe(SubAFE, AFE, SubAFEStatus, ShortName, Deleted) values ('Lewis Unit A 3H',        '712400', 'ISSUED', 'LUA3H',      0);
insert into SubAfe(SubAFE, AFE, SubAFEStatus, ShortName, Deleted) values ('Lewis Unit C 1H',        '712400', 'ISSUED', 'LUC1H',      0);
insert into SubAfe(SubAFE, AFE, SubAFEStatus, ShortName, Deleted) values ('Morris Foust 5H',        '712572', 'ISSUED', 'MF5H',       0);
insert into SubAfe(SubAFE, AFE, SubAFEStatus, ShortName, Deleted) values ('Ole Geiser B 2H',        '712601', 'ISSUED', 'OGB2H',      0);
insert into SubAfe(SubAFE, AFE, SubAFEStatus, ShortName, Deleted) values ('Prime Rail Interest',    '711365', 'ISSUED', 'PRI',        0);
insert into SubAfe(SubAFE, AFE, SubAFEStatus, ShortName, Deleted) values ('Rafael Unit B 1H',       '712601', 'ISSUED', 'RUB1H',      0);
insert into SubAfe(SubAFE, AFE, SubAFEStatus, ShortName, Deleted) values ('TRBP-Railhead 1H',       '711365', 'ISSUED', 'TBRPR1H',    0);
insert into SubAfe(SubAFE, AFE, SubAFEStatus, ShortName, Deleted) values ('Wilkinson Unit 2H',      '711244', 'ISSUED', 'WU2H',       0);
insert into SubAfe(SubAFE, AFE, SubAFEStatus, ShortName, Deleted) values ('Risinger Trunkline',     '652708', 'ISSUED', 'RISINGER',   0);
insert into SubAfe(SubAFE, AFE, SubAFEStatus, ShortName, Deleted) values ('SDA BURLESON UNIT 1H',   '653325', 'ISSUED', 'SDABURLE',   0);
insert into SubAfe(SubAFE, AFE, SubAFEStatus, ShortName, Deleted) values ('Jackson Jerry Unit 2H Well', '713087', 'ISSUED', 'JACKSONJ',0);
insert into SubAfe(SubAFE, AFE, SubAFEStatus, ShortName, Deleted) values ('Ken-Tex area Wide',      '9224',   'ISSUED', 'KENTEX',     0);
insert into SubAfe(SubAFE, AFE, SubAFEStatus, ShortName, Deleted) values ('BRENTLINGER UNIT A 1H',  '711936', 'ISSUED', 'BRENTLING',  0);
insert into SubAfe(SubAFE, AFE, SubAFEStatus, ShortName, Deleted) values ('HIGH VIEW ESTATES 1-H',  '653969', 'ISSUED', 'HIVIEW',     0);
insert into SubAfe(SubAFE, AFE, SubAFEStatus, ShortName, Deleted) values ('QUARRY A 02H',           '713026', 'ISSUED', 'QUARRY',     0);
insert into SubAfe(SubAFE, AFE, SubAFEStatus, ShortName, Deleted) values ('DOLLAR BOOTH 1H',        '654767', 'ISSUED', 'DOLLAR',     0);
insert into SubAfe(SubAFE, AFE, SubAFEStatus, ShortName, Deleted) values ('AOG to Gibbs Pipeline',  '713778', 'ISSUED', 'AOGGIBBS',   0);

go

                                                                                                    
                                                                                                    
set identity_insert AssetAssignment on

insert into AssetAssignment(AssetAssignmentId, AFE, SubAFE, AssetId, Deleted) values ( 1, '650963', 'Kimbrough Dunlap 6',      2, 0);
insert into AssetAssignment(AssetAssignmentId, AFE, SubAFE, AssetId, Deleted) values ( 2, '650963', 'Kimbrough Dunlap 8H',     2, 0);
insert into AssetAssignment(AssetAssignmentId, AFE, SubAFE, AssetId, Deleted) values ( 3, '650963', 'Kimbrough Dunlap 4H',     2, 0);
insert into AssetAssignment(AssetAssignmentId, AFE, SubAFE, AssetId, Deleted) values ( 4, '712345', 'Indian Creek D9',         3, 0);
insert into AssetAssignment(AssetAssignmentId, AFE, SubAFE, AssetId, Deleted) values ( 5, '712345', 'Indian Creek 10',         3, 0);
insert into AssetAssignment(AssetAssignmentId, AFE, SubAFE, AssetId, Deleted) values ( 6, '712345', 'Indian Creek H6',         3, 0);
insert into AssetAssignment(AssetAssignmentId, AFE, SubAFE, AssetId, Deleted) values ( 7, '712345', 'Indian Creek 8',          3, 0);
insert into AssetAssignment(AssetAssignmentId, AFE, SubAFE, AssetId, Deleted) values ( 8, '712345', 'Indian Creek M4',         3, 0);
insert into AssetAssignment(AssetAssignmentId, AFE, SubAFE, AssetId, Deleted) values ( 9, '712345', 'Indian Creek M5',         3, 0);
insert into AssetAssignment(AssetAssignmentId, AFE, SubAFE, AssetId, Deleted) values (10, '712635', 'Barham 1H',               4, 0);
insert into AssetAssignment(AssetAssignmentId, AFE, SubAFE, AssetId, Deleted) values (11, '712635', 'Barksdale B 1H',          4, 0);
insert into AssetAssignment(AssetAssignmentId, AFE, SubAFE, AssetId, Deleted) values (12, '711365', 'Prime Rail Interest',     5, 0);
insert into AssetAssignment(AssetAssignmentId, AFE, SubAFE, AssetId, Deleted) values (13, '711365', 'TRBP-Railhead 1H',        5, 0);
insert into AssetAssignment(AssetAssignmentId, AFE, SubAFE, AssetId, Deleted) values (14, '712572', 'Morris Foust 5H',         6, 0);
insert into AssetAssignment(AssetAssignmentId, AFE, SubAFE, AssetId, Deleted) values (15, '712400', 'Lewis Unit C 1H',         7, 0);
insert into AssetAssignment(AssetAssignmentId, AFE, SubAFE, AssetId, Deleted) values (16, '712400', 'Lewis Unit A 3H',         7, 0);
insert into AssetAssignment(AssetAssignmentId, AFE, SubAFE, AssetId, Deleted) values (17, '712601', 'Ole Geiser B 2H',         8, 0);
insert into AssetAssignment(AssetAssignmentId, AFE, SubAFE, AssetId, Deleted) values (18, '712601', 'Rafael Unit B 1H',        8, 0);
insert into AssetAssignment(AssetAssignmentId, AFE, SubAFE, AssetId, Deleted) values (19, '712559', 'JD DAVIS',                9, 0);
insert into AssetAssignment(AssetAssignmentId, AFE, SubAFE, AssetId, Deleted) values (20, '712559', 'Haslet Heights 9H',       9, 0);
insert into AssetAssignment(AssetAssignmentId, AFE, SubAFE, AssetId, Deleted) values (21, '710133', 'Blasingame Unit A',      10, 0);
insert into AssetAssignment(AssetAssignmentId, AFE, SubAFE, AssetId, Deleted) values (22, '711244', 'Wilkinson Unit 2H',      11, 0);
insert into AssetAssignment(AssetAssignmentId, AFE, SubAFE, AssetId, Deleted) values (23, '712558', 'Curl 3H',                12, 0);
insert into AssetAssignment(AssetAssignmentId, AFE, SubAFE, AssetId, Deleted) values (24, '650963', 'Kimbrough Dunlap 6',      1, 0);
insert into AssetAssignment(AssetAssignmentId, AFE, SubAFE, AssetId, Deleted) values (25, '650963', 'Kimbrough Dunlap 8H',     1, 0);
insert into AssetAssignment(AssetAssignmentId, AFE, SubAFE, AssetId, Deleted) values (26, '650963', 'Kimbrough Dunlap 4H',     1, 0);
insert into AssetAssignment(AssetAssignmentId, AFE, SubAFE, AssetId, Deleted) values (27, '712345', 'Indian Creek D9',         1, 0);
insert into AssetAssignment(AssetAssignmentId, AFE, SubAFE, AssetId, Deleted) values (28, '712345', 'Indian Creek 10',         1, 0);
insert into AssetAssignment(AssetAssignmentId, AFE, SubAFE, AssetId, Deleted) values (29, '712345', 'Indian Creek H6',         1, 0);
insert into AssetAssignment(AssetAssignmentId, AFE, SubAFE, AssetId, Deleted) values (30, '712345', 'Indian Creek 8',          1, 0);
insert into AssetAssignment(AssetAssignmentId, AFE, SubAFE, AssetId, Deleted) values (31, '712345', 'Indian Creek M4',         1, 0);
insert into AssetAssignment(AssetAssignmentId, AFE, SubAFE, AssetId, Deleted) values (32, '712345', 'Indian Creek M5',         1, 0);
insert into AssetAssignment(AssetAssignmentId, AFE, SubAFE, AssetId, Deleted) values (33, '712635', 'Barham 1H',               1, 0);
insert into AssetAssignment(AssetAssignmentId, AFE, SubAFE, AssetId, Deleted) values (34, '712635', 'Barksdale B 1H',          1, 0);
insert into AssetAssignment(AssetAssignmentId, AFE, SubAFE, AssetId, Deleted) values (35, '711365', 'Prime Rail Interest',     1, 0);
insert into AssetAssignment(AssetAssignmentId, AFE, SubAFE, AssetId, Deleted) values (36, '711365', 'TRBP-Railhead 1H',        1, 0);
insert into AssetAssignment(AssetAssignmentId, AFE, SubAFE, AssetId, Deleted) values (37, '712572', 'Morris Foust 5H',         1, 0);
insert into AssetAssignment(AssetAssignmentId, AFE, SubAFE, AssetId, Deleted) values (38, '712400', 'Lewis Unit C 1H',         1, 0);
insert into AssetAssignment(AssetAssignmentId, AFE, SubAFE, AssetId, Deleted) values (39, '712400', 'Lewis Unit A 3H',         1, 0);
insert into AssetAssignment(AssetAssignmentId, AFE, SubAFE, AssetId, Deleted) values (40, '712601', 'Ole Geiser B 2H',         1, 0);
insert into AssetAssignment(AssetAssignmentId, AFE, SubAFE, AssetId, Deleted) values (41, '712601', 'Rafael Unit B 1H',        1, 0);
insert into AssetAssignment(AssetAssignmentId, AFE, SubAFE, AssetId, Deleted) values (42, '712559', 'JD DAVIS',                1, 0);
insert into AssetAssignment(AssetAssignmentId, AFE, SubAFE, AssetId, Deleted) values (43, '712559', 'Haslet Heights 9H',       1, 0);
insert into AssetAssignment(AssetAssignmentId, AFE, SubAFE, AssetId, Deleted) values (44, '710133', 'Blasingame Unit A',       1, 0);
insert into AssetAssignment(AssetAssignmentId, AFE, SubAFE, AssetId, Deleted) values (45, '711244', 'Wilkinson Unit 2H',       1, 0);
insert into AssetAssignment(AssetAssignmentId, AFE, SubAFE, AssetId, Deleted) values (46, '712558', 'Curl 3H',                 1, 0);
insert into AssetAssignment(AssetAssignmentId, AFE, SubAFE, AssetId, Deleted) values (47, '711771', 'AZLE TRUNKLINE',         13, 0);
insert into AssetAssignment(AssetAssignmentId, AFE, SubAFE, AssetId, Deleted) values (48, '711771', 'AZLE TRUNKLINE',         14, 0);
insert into AssetAssignment(AssetAssignmentId, AFE, SubAFE, AssetId, Deleted) values (49, '650963', 'Kimbrough Dunlap 4H',    15, 0);
insert into AssetAssignment(AssetAssignmentId, AFE, SubAFE, AssetId, Deleted) values (50, '650963', 'Kimbrough Dunlap 6',     15, 0);
insert into AssetAssignment(AssetAssignmentId, AFE, SubAFE, AssetId, Deleted) values (51, '650963', 'Kimbrough Dunlap 8H',    15, 0);
insert into AssetAssignment(AssetAssignmentId, AFE, SubAFE, AssetId, Deleted) values (52, '710133', 'Blasingame Unit A',      15, 0);
insert into AssetAssignment(AssetAssignmentId, AFE, SubAFE, AssetId, Deleted) values (53, '711244', 'Wilkinson Unit 2H',      15, 0);
insert into AssetAssignment(AssetAssignmentId, AFE, SubAFE, AssetId, Deleted) values (54, '711365', 'Prime Rail Interest',    15, 0);
insert into AssetAssignment(AssetAssignmentId, AFE, SubAFE, AssetId, Deleted) values (55, '711365', 'TRBP-Railhead 1H',       15, 0);
insert into AssetAssignment(AssetAssignmentId, AFE, SubAFE, AssetId, Deleted) values (56, '712345', 'Indian Creek 10',        15, 0);
insert into AssetAssignment(AssetAssignmentId, AFE, SubAFE, AssetId, Deleted) values (57, '712345', 'Indian Creek 8',         15, 0);
insert into AssetAssignment(AssetAssignmentId, AFE, SubAFE, AssetId, Deleted) values (58, '712345', 'Indian Creek D9',        15, 0);
insert into AssetAssignment(AssetAssignmentId, AFE, SubAFE, AssetId, Deleted) values (59, '712345', 'Indian Creek H6',        15, 0);
insert into AssetAssignment(AssetAssignmentId, AFE, SubAFE, AssetId, Deleted) values (60, '712345', 'Indian Creek M4',        15, 0);
insert into AssetAssignment(AssetAssignmentId, AFE, SubAFE, AssetId, Deleted) values (61, '712345', 'Indian Creek M5',        15, 0);
insert into AssetAssignment(AssetAssignmentId, AFE, SubAFE, AssetId, Deleted) values (62, '712400', 'Lewis Unit A 3H',        15, 0);
insert into AssetAssignment(AssetAssignmentId, AFE, SubAFE, AssetId, Deleted) values (63, '712400', 'Lewis Unit C 1H',        15, 0);
insert into AssetAssignment(AssetAssignmentId, AFE, SubAFE, AssetId, Deleted) values (64, '712558', 'Curl 3H',                15, 0);
insert into AssetAssignment(AssetAssignmentId, AFE, SubAFE, AssetId, Deleted) values (65, '712559', 'Haslet Heights 9H',      15, 0);
insert into AssetAssignment(AssetAssignmentId, AFE, SubAFE, AssetId, Deleted) values (66, '712559', 'JD DAVIS',               15, 0);
insert into AssetAssignment(AssetAssignmentId, AFE, SubAFE, AssetId, Deleted) values (67, '712572', 'Morris Foust 5H',        15, 0);
insert into AssetAssignment(AssetAssignmentId, AFE, SubAFE, AssetId, Deleted) values (68, '712601', 'Ole Geiser B 2H',        15, 0);
insert into AssetAssignment(AssetAssignmentId, AFE, SubAFE, AssetId, Deleted) values (69, '712601', 'Rafael Unit B 1H',       15, 0);
insert into AssetAssignment(AssetAssignmentId, AFE, SubAFE, AssetId, Deleted) values (70, '712635', 'Barham 1H',              15, 0);
insert into AssetAssignment(AssetAssignmentId, AFE, SubAFE, AssetId, Deleted) values (71, '712635', 'Barksdale B 1H',         15, 0);
insert into AssetAssignment(AssetAssignmentId, AFE, SubAFE, AssetId, Deleted) values (72, '713032', 'CITCARP UNIT SOUTH 04H', 15, 0);
insert into AssetAssignment(AssetAssignmentId, AFE, SubAFE, AssetId, Deleted) values (73, '711771', 'AZLE TRUNKLINE',         15, 0);
insert into AssetAssignment(AssetAssignmentId, AFE, SubAFE, AssetId, Deleted) values (74, '652708', 'Risinger Trunkline',     15, 0);
insert into AssetAssignment(AssetAssignmentId, AFE, SubAFE, AssetId, Deleted) values (75, '653325', 'SDA BURLESON UNIT 1H',   15, 0);
insert into AssetAssignment(AssetAssignmentId, AFE, SubAFE, AssetId, Deleted) values (76, '713087', 'Jackson Jerry Unit 2H Well', 15, 0);
insert into AssetAssignment(AssetAssignmentId, AFE, SubAFE, AssetId, Deleted) values (77, '9224',   'Ken-Tex area Wide',      15, 0);
insert into AssetAssignment(AssetAssignmentId, AFE, SubAFE, AssetId, Deleted) values (78, '711936', 'BRENTLINGER UNIT A 1H',  15, 0);
insert into AssetAssignment(AssetAssignmentId, AFE, SubAFE, AssetId, Deleted) values (79, '653969', 'HIGH VIEW ESTATES 1-H',  15, 0);
insert into AssetAssignment(AssetAssignmentId, AFE, SubAFE, AssetId, Deleted) values (80, '713026', 'QUARRY A 02H',           15, 0);
insert into AssetAssignment(AssetAssignmentId, AFE, SubAFE, AssetId, Deleted) values (81, '654767', 'DOLLAR BOOTH 1H',        15, 0);
insert into AssetAssignment(AssetAssignmentId, AFE, SubAFE, AssetId, Deleted) values (82, '713778', 'AOG to Gibbs Pipeline',  15, 0);

set identity_insert AssetAssignment off
go



insert into RateByAssignment(AssetAssignmentId, BillItemTypeId, BillRate, InvoiceRate, Deleted) values ( 1, 2,  0.500,  0.500, 0);
insert into RateByAssignment(AssetAssignmentId, BillItemTypeId, BillRate, InvoiceRate, Deleted) values ( 2, 2,  0.500,  0.500, 0);
insert into RateByAssignment(AssetAssignmentId, BillItemTypeId, BillRate, InvoiceRate, Deleted) values ( 3, 2,  0.500,  0.500, 0);
insert into RateByAssignment(AssetAssignmentId, BillItemTypeId, BillRate, InvoiceRate, Deleted) values ( 4, 2,  0.500,  0.500, 0);
insert into RateByAssignment(AssetAssignmentId, BillItemTypeId, BillRate, InvoiceRate, Deleted) values ( 5, 2,  0.500,  0.500, 0);
insert into RateByAssignment(AssetAssignmentId, BillItemTypeId, BillRate, InvoiceRate, Deleted) values ( 6, 2,  0.500,  0.500, 0);
insert into RateByAssignment(AssetAssignmentId, BillItemTypeId, BillRate, InvoiceRate, Deleted) values ( 7, 2,  0.500,  0.500, 0);
insert into RateByAssignment(AssetAssignmentId, BillItemTypeId, BillRate, InvoiceRate, Deleted) values ( 8, 2,  0.500,  0.500, 0);
insert into RateByAssignment(AssetAssignmentId, BillItemTypeId, BillRate, InvoiceRate, Deleted) values ( 9, 2,  0.500,  0.500, 0);
insert into RateByAssignment(AssetAssignmentId, BillItemTypeId, BillRate, InvoiceRate, Deleted) values (10, 2,  0.500,  0.500, 0);
insert into RateByAssignment(AssetAssignmentId, BillItemTypeId, BillRate, InvoiceRate, Deleted) values (11, 2,  0.500,  0.500, 0);
insert into RateByAssignment(AssetAssignmentId, BillItemTypeId, BillRate, InvoiceRate, Deleted) values (12, 2,  0.500,  0.500, 0);
insert into RateByAssignment(AssetAssignmentId, BillItemTypeId, BillRate, InvoiceRate, Deleted) values (13, 2,  0.500,  0.500, 0);
insert into RateByAssignment(AssetAssignmentId, BillItemTypeId, BillRate, InvoiceRate, Deleted) values (14, 2,  0.500,  0.500, 0);
insert into RateByAssignment(AssetAssignmentId, BillItemTypeId, BillRate, InvoiceRate, Deleted) values (15, 2,  0.500,  0.500, 0);
insert into RateByAssignment(AssetAssignmentId, BillItemTypeId, BillRate, InvoiceRate, Deleted) values (16, 2,  0.500,  0.500, 0);
insert into RateByAssignment(AssetAssignmentId, BillItemTypeId, BillRate, InvoiceRate, Deleted) values (17, 2,  0.500,  0.500, 0);
insert into RateByAssignment(AssetAssignmentId, BillItemTypeId, BillRate, InvoiceRate, Deleted) values (18, 2,  0.500,  0.500, 0);
insert into RateByAssignment(AssetAssignmentId, BillItemTypeId, BillRate, InvoiceRate, Deleted) values (19, 2,  0.500,  0.500, 0);
insert into RateByAssignment(AssetAssignmentId, BillItemTypeId, BillRate, InvoiceRate, Deleted) values (20, 2,  0.500,  0.500, 0);
insert into RateByAssignment(AssetAssignmentId, BillItemTypeId, BillRate, InvoiceRate, Deleted) values (21, 2,  0.500,  0.500, 0);
insert into RateByAssignment(AssetAssignmentId, BillItemTypeId, BillRate, InvoiceRate, Deleted) values (22, 2,  0.500,  0.500, 0);
insert into RateByAssignment(AssetAssignmentId, BillItemTypeId, BillRate, InvoiceRate, Deleted) values (23, 2,  0.500,  0.500, 0);
insert into RateByAssignment(AssetAssignmentId, BillItemTypeId, BillRate, InvoiceRate, Deleted) values (24, 2,  0.500,  0.500, 0);
insert into RateByAssignment(AssetAssignmentId, BillItemTypeId, BillRate, InvoiceRate, Deleted) values (25, 2,  0.500,  0.500, 0);
insert into RateByAssignment(AssetAssignmentId, BillItemTypeId, BillRate, InvoiceRate, Deleted) values (26, 2,  0.500,  0.500, 0);
insert into RateByAssignment(AssetAssignmentId, BillItemTypeId, BillRate, InvoiceRate, Deleted) values (27, 2,  0.500,  0.500, 0);
insert into RateByAssignment(AssetAssignmentId, BillItemTypeId, BillRate, InvoiceRate, Deleted) values (28, 2,  0.500,  0.500, 0);
insert into RateByAssignment(AssetAssignmentId, BillItemTypeId, BillRate, InvoiceRate, Deleted) values (29, 2,  0.500,  0.500, 0);
insert into RateByAssignment(AssetAssignmentId, BillItemTypeId, BillRate, InvoiceRate, Deleted) values (30, 2,  0.500,  0.500, 0);
insert into RateByAssignment(AssetAssignmentId, BillItemTypeId, BillRate, InvoiceRate, Deleted) values (31, 2,  0.500,  0.500, 0);
insert into RateByAssignment(AssetAssignmentId, BillItemTypeId, BillRate, InvoiceRate, Deleted) values (32, 2,  0.500,  0.500, 0);
insert into RateByAssignment(AssetAssignmentId, BillItemTypeId, BillRate, InvoiceRate, Deleted) values (33, 2,  0.500,  0.500, 0);
insert into RateByAssignment(AssetAssignmentId, BillItemTypeId, BillRate, InvoiceRate, Deleted) values (34, 2,  0.500,  0.500, 0);
insert into RateByAssignment(AssetAssignmentId, BillItemTypeId, BillRate, InvoiceRate, Deleted) values (35, 2,  0.500,  0.500, 0);
insert into RateByAssignment(AssetAssignmentId, BillItemTypeId, BillRate, InvoiceRate, Deleted) values (36, 2,  0.500,  0.500, 0);
insert into RateByAssignment(AssetAssignmentId, BillItemTypeId, BillRate, InvoiceRate, Deleted) values (37, 2,  0.500,  0.500, 0);
insert into RateByAssignment(AssetAssignmentId, BillItemTypeId, BillRate, InvoiceRate, Deleted) values (38, 2,  0.500,  0.500, 0);
insert into RateByAssignment(AssetAssignmentId, BillItemTypeId, BillRate, InvoiceRate, Deleted) values (39, 2,  0.500,  0.500, 0);
insert into RateByAssignment(AssetAssignmentId, BillItemTypeId, BillRate, InvoiceRate, Deleted) values (40, 2,  0.500,  0.500, 0);
insert into RateByAssignment(AssetAssignmentId, BillItemTypeId, BillRate, InvoiceRate, Deleted) values (41, 2,  0.500,  0.500, 0);
insert into RateByAssignment(AssetAssignmentId, BillItemTypeId, BillRate, InvoiceRate, Deleted) values (42, 2,  0.500,  0.500, 0);
insert into RateByAssignment(AssetAssignmentId, BillItemTypeId, BillRate, InvoiceRate, Deleted) values (43, 2,  0.500,  0.500, 0);
insert into RateByAssignment(AssetAssignmentId, BillItemTypeId, BillRate, InvoiceRate, Deleted) values (44, 2,  0.500,  0.500, 0);
insert into RateByAssignment(AssetAssignmentId, BillItemTypeId, BillRate, InvoiceRate, Deleted) values (45, 2,  0.500,  0.500, 0);
insert into RateByAssignment(AssetAssignmentId, BillItemTypeId, BillRate, InvoiceRate, Deleted) values (46, 2,  0.500,  0.500, 0);
insert into RateByAssignment(AssetAssignmentId, BillItemTypeId, BillRate, InvoiceRate, Deleted) values ( 1, 1, 27.500, 35.000, 0);
insert into RateByAssignment(AssetAssignmentId, BillItemTypeId, BillRate, InvoiceRate, Deleted) values ( 2, 1, 21.000, 30.500, 0);
insert into RateByAssignment(AssetAssignmentId, BillItemTypeId, BillRate, InvoiceRate, Deleted) values ( 3, 1, 25.400, 34.500, 0);
insert into RateByAssignment(AssetAssignmentId, BillItemTypeId, BillRate, InvoiceRate, Deleted) values ( 4, 1, 34.000, 37.000, 0);
insert into RateByAssignment(AssetAssignmentId, BillItemTypeId, BillRate, InvoiceRate, Deleted) values ( 5, 1, 23.700, 34.220, 0);
insert into RateByAssignment(AssetAssignmentId, BillItemTypeId, BillRate, InvoiceRate, Deleted) values ( 6, 1, 30.000, 45.000, 0);
insert into RateByAssignment(AssetAssignmentId, BillItemTypeId, BillRate, InvoiceRate, Deleted) values ( 7, 1, 27.500, 35.000, 0);
insert into RateByAssignment(AssetAssignmentId, BillItemTypeId, BillRate, InvoiceRate, Deleted) values ( 8, 1, 21.000, 30.500, 0);
insert into RateByAssignment(AssetAssignmentId, BillItemTypeId, BillRate, InvoiceRate, Deleted) values ( 9, 1, 25.400, 34.500, 0);
insert into RateByAssignment(AssetAssignmentId, BillItemTypeId, BillRate, InvoiceRate, Deleted) values (10, 1, 34.000, 37.000, 0);
insert into RateByAssignment(AssetAssignmentId, BillItemTypeId, BillRate, InvoiceRate, Deleted) values (11, 1, 23.700, 34.220, 0);
insert into RateByAssignment(AssetAssignmentId, BillItemTypeId, BillRate, InvoiceRate, Deleted) values (12, 1, 30.000, 45.000, 0);
insert into RateByAssignment(AssetAssignmentId, BillItemTypeId, BillRate, InvoiceRate, Deleted) values (13, 1, 25.400, 34.500, 0);
insert into RateByAssignment(AssetAssignmentId, BillItemTypeId, BillRate, InvoiceRate, Deleted) values (14, 1, 34.000, 37.000, 0);
insert into RateByAssignment(AssetAssignmentId, BillItemTypeId, BillRate, InvoiceRate, Deleted) values (15, 1, 23.700, 34.220, 0);
insert into RateByAssignment(AssetAssignmentId, BillItemTypeId, BillRate, InvoiceRate, Deleted) values (16, 1, 30.000, 45.000, 0);
insert into RateByAssignment(AssetAssignmentId, BillItemTypeId, BillRate, InvoiceRate, Deleted) values (17, 1, 30.000, 45.000, 0);
insert into RateByAssignment(AssetAssignmentId, BillItemTypeId, BillRate, InvoiceRate, Deleted) values (18, 1, 30.000, 45.000, 0);
insert into RateByAssignment(AssetAssignmentId, BillItemTypeId, BillRate, InvoiceRate, Deleted) values (19, 1, 30.000, 45.000, 0);
insert into RateByAssignment(AssetAssignmentId, BillItemTypeId, BillRate, InvoiceRate, Deleted) values (20, 1, 30.000, 45.000, 0);
insert into RateByAssignment(AssetAssignmentId, BillItemTypeId, BillRate, InvoiceRate, Deleted) values (21, 1, 30.000, 45.000, 0);
insert into RateByAssignment(AssetAssignmentId, BillItemTypeId, BillRate, InvoiceRate, Deleted) values (22, 1, 30.000, 45.000, 0);
insert into RateByAssignment(AssetAssignmentId, BillItemTypeId, BillRate, InvoiceRate, Deleted) values (23, 1, 30.000, 45.000, 0);
insert into RateByAssignment(AssetAssignmentId, BillItemTypeId, BillRate, InvoiceRate, Deleted) values (24, 1, 27.500, 35.000, 0);
insert into RateByAssignment(AssetAssignmentId, BillItemTypeId, BillRate, InvoiceRate, Deleted) values (25, 1, 21.000, 30.500, 0);
insert into RateByAssignment(AssetAssignmentId, BillItemTypeId, BillRate, InvoiceRate, Deleted) values (26, 1, 25.400, 34.500, 0);
insert into RateByAssignment(AssetAssignmentId, BillItemTypeId, BillRate, InvoiceRate, Deleted) values (27, 1, 34.000, 37.000, 0);
insert into RateByAssignment(AssetAssignmentId, BillItemTypeId, BillRate, InvoiceRate, Deleted) values (28, 1, 23.700, 34.220, 0);
insert into RateByAssignment(AssetAssignmentId, BillItemTypeId, BillRate, InvoiceRate, Deleted) values (29, 1, 30.000, 45.000, 0);
insert into RateByAssignment(AssetAssignmentId, BillItemTypeId, BillRate, InvoiceRate, Deleted) values (30, 1, 27.500, 35.000, 0);
insert into RateByAssignment(AssetAssignmentId, BillItemTypeId, BillRate, InvoiceRate, Deleted) values (31, 1, 21.000, 30.500, 0);
insert into RateByAssignment(AssetAssignmentId, BillItemTypeId, BillRate, InvoiceRate, Deleted) values (32, 1, 25.400, 34.500, 0);
insert into RateByAssignment(AssetAssignmentId, BillItemTypeId, BillRate, InvoiceRate, Deleted) values (33, 1, 34.000, 37.000, 0);
insert into RateByAssignment(AssetAssignmentId, BillItemTypeId, BillRate, InvoiceRate, Deleted) values (34, 1, 23.700, 34.220, 0);
insert into RateByAssignment(AssetAssignmentId, BillItemTypeId, BillRate, InvoiceRate, Deleted) values (35, 1, 30.000, 45.000, 0);
insert into RateByAssignment(AssetAssignmentId, BillItemTypeId, BillRate, InvoiceRate, Deleted) values (36, 1, 25.400, 34.500, 0);
insert into RateByAssignment(AssetAssignmentId, BillItemTypeId, BillRate, InvoiceRate, Deleted) values (37, 1, 34.000, 37.000, 0);
insert into RateByAssignment(AssetAssignmentId, BillItemTypeId, BillRate, InvoiceRate, Deleted) values (38, 1, 23.700, 34.220, 0);
insert into RateByAssignment(AssetAssignmentId, BillItemTypeId, BillRate, InvoiceRate, Deleted) values (39, 1, 30.000, 45.000, 0);
insert into RateByAssignment(AssetAssignmentId, BillItemTypeId, BillRate, InvoiceRate, Deleted) values (40, 1, 30.000, 45.000, 0);
insert into RateByAssignment(AssetAssignmentId, BillItemTypeId, BillRate, InvoiceRate, Deleted) values (41, 1, 30.000, 45.000, 0);
insert into RateByAssignment(AssetAssignmentId, BillItemTypeId, BillRate, InvoiceRate, Deleted) values (42, 1, 30.000, 45.000, 0);
insert into RateByAssignment(AssetAssignmentId, BillItemTypeId, BillRate, InvoiceRate, Deleted) values (43, 1, 30.000, 45.000, 0);
insert into RateByAssignment(AssetAssignmentId, BillItemTypeId, BillRate, InvoiceRate, Deleted) values (44, 1, 30.000, 45.000, 0);
insert into RateByAssignment(AssetAssignmentId, BillItemTypeId, BillRate, InvoiceRate, Deleted) values (45, 1, 30.000, 45.000, 0);
insert into RateByAssignment(AssetAssignmentId, BillItemTypeId, BillRate, InvoiceRate, Deleted) values (46, 1, 30.000, 45.000, 0);
insert into RateByAssignment(AssetAssignmentId, BillItemTypeId, BillRate, InvoiceRate, Deleted) values (47, 2,  0.500,  0.500, 0);
insert into RateByAssignment(AssetAssignmentId, BillItemTypeId, BillRate, InvoiceRate, Deleted) values (47, 1, 34.375, 56.250, 0);
insert into RateByAssignment(AssetAssignmentId, BillItemTypeId, BillRate, InvoiceRate, Deleted) values (48, 1, 31.250, 56.250, 0);
insert into RateByAssignment(AssetAssignmentId, BillItemTypeId, BillRate, InvoiceRate, Deleted) values (48, 2,  0.500,  0.500, 0);
insert into RateByAssignment(AssetAssignmentId, BillItemTypeId, BillRate, InvoiceRate, Deleted) values (49, 2,  0.500,  0.500, 0);
insert into RateByAssignment(AssetAssignmentId, BillItemTypeId, BillRate, InvoiceRate, Deleted) values (49, 1, 46.875, 46.875, 0);
insert into RateByAssignment(AssetAssignmentId, BillItemTypeId, BillRate, InvoiceRate, Deleted) values (50, 2,  0.445,  0.445, 0);
insert into RateByAssignment(AssetAssignmentId, BillItemTypeId, BillRate, InvoiceRate, Deleted) values (50, 1, 46.880, 46.880, 0);
insert into RateByAssignment(AssetAssignmentId, BillItemTypeId, BillRate, InvoiceRate, Deleted) values (51, 2,  0.445,  0.445, 0);
insert into RateByAssignment(AssetAssignmentId, BillItemTypeId, BillRate, InvoiceRate, Deleted) values (51, 1, 46.880, 46.880, 0);
insert into RateByAssignment(AssetAssignmentId, BillItemTypeId, BillRate, InvoiceRate, Deleted) values (52, 2,  0.445,  0.445, 0);
insert into RateByAssignment(AssetAssignmentId, BillItemTypeId, BillRate, InvoiceRate, Deleted) values (52, 1, 46.880, 46.880, 0);
insert into RateByAssignment(AssetAssignmentId, BillItemTypeId, BillRate, InvoiceRate, Deleted) values (53, 2,  0.445,  0.445, 0);
insert into RateByAssignment(AssetAssignmentId, BillItemTypeId, BillRate, InvoiceRate, Deleted) values (53, 1, 46.880, 46.880, 0);
insert into RateByAssignment(AssetAssignmentId, BillItemTypeId, BillRate, InvoiceRate, Deleted) values (54, 2,  0.445,  0.445, 0);
insert into RateByAssignment(AssetAssignmentId, BillItemTypeId, BillRate, InvoiceRate, Deleted) values (54, 1, 46.880, 46.880, 0);
insert into RateByAssignment(AssetAssignmentId, BillItemTypeId, BillRate, InvoiceRate, Deleted) values (55, 2,  0.445,  0.445, 0);
insert into RateByAssignment(AssetAssignmentId, BillItemTypeId, BillRate, InvoiceRate, Deleted) values (55, 1, 46.880, 46.880, 0);
insert into RateByAssignment(AssetAssignmentId, BillItemTypeId, BillRate, InvoiceRate, Deleted) values (56, 2,  0.445,  0.445, 0);
insert into RateByAssignment(AssetAssignmentId, BillItemTypeId, BillRate, InvoiceRate, Deleted) values (56, 1, 46.880, 46.880, 0);
insert into RateByAssignment(AssetAssignmentId, BillItemTypeId, BillRate, InvoiceRate, Deleted) values (57, 2,  0.445,  0.445, 0);
insert into RateByAssignment(AssetAssignmentId, BillItemTypeId, BillRate, InvoiceRate, Deleted) values (57, 1, 46.880, 46.880, 0);
insert into RateByAssignment(AssetAssignmentId, BillItemTypeId, BillRate, InvoiceRate, Deleted) values (58, 1, 46.880, 46.880, 0);
insert into RateByAssignment(AssetAssignmentId, BillItemTypeId, BillRate, InvoiceRate, Deleted) values (58, 2,  0.445,  0.445, 0);
insert into RateByAssignment(AssetAssignmentId, BillItemTypeId, BillRate, InvoiceRate, Deleted) values (59, 2,  0.445,  0.445, 0);
insert into RateByAssignment(AssetAssignmentId, BillItemTypeId, BillRate, InvoiceRate, Deleted) values (59, 1, 46.880, 46.880, 0);
insert into RateByAssignment(AssetAssignmentId, BillItemTypeId, BillRate, InvoiceRate, Deleted) values (60, 2,  0.445,  0.445, 0);
insert into RateByAssignment(AssetAssignmentId, BillItemTypeId, BillRate, InvoiceRate, Deleted) values (60, 1, 46.880, 46.880, 0);
insert into RateByAssignment(AssetAssignmentId, BillItemTypeId, BillRate, InvoiceRate, Deleted) values (61, 2,  0.445,  0.445, 0);
insert into RateByAssignment(AssetAssignmentId, BillItemTypeId, BillRate, InvoiceRate, Deleted) values (61, 1, 46.880, 46.880, 0);
insert into RateByAssignment(AssetAssignmentId, BillItemTypeId, BillRate, InvoiceRate, Deleted) values (62, 2,  0.445,  0.445, 0);
insert into RateByAssignment(AssetAssignmentId, BillItemTypeId, BillRate, InvoiceRate, Deleted) values (62, 1, 46.880, 46.880, 0);
insert into RateByAssignment(AssetAssignmentId, BillItemTypeId, BillRate, InvoiceRate, Deleted) values (63, 2,  0.445,  0.445, 0);
insert into RateByAssignment(AssetAssignmentId, BillItemTypeId, BillRate, InvoiceRate, Deleted) values (63, 1, 46.880, 46.880, 0);
insert into RateByAssignment(AssetAssignmentId, BillItemTypeId, BillRate, InvoiceRate, Deleted) values (64, 2,  0.445,  0.445, 0);
insert into RateByAssignment(AssetAssignmentId, BillItemTypeId, BillRate, InvoiceRate, Deleted) values (64, 1, 46.880, 46.880, 0);
insert into RateByAssignment(AssetAssignmentId, BillItemTypeId, BillRate, InvoiceRate, Deleted) values (65, 2,  0.445,  0.445, 0);
insert into RateByAssignment(AssetAssignmentId, BillItemTypeId, BillRate, InvoiceRate, Deleted) values (65, 1, 46.880, 46.880, 0);
insert into RateByAssignment(AssetAssignmentId, BillItemTypeId, BillRate, InvoiceRate, Deleted) values (66, 1, 46.880, 46.880, 0);
insert into RateByAssignment(AssetAssignmentId, BillItemTypeId, BillRate, InvoiceRate, Deleted) values (66, 2,  0.445,  0.445, 0);
insert into RateByAssignment(AssetAssignmentId, BillItemTypeId, BillRate, InvoiceRate, Deleted) values (67, 2,  0.445,  0.445, 0);
insert into RateByAssignment(AssetAssignmentId, BillItemTypeId, BillRate, InvoiceRate, Deleted) values (67, 1, 46.880, 46.880, 0);
insert into RateByAssignment(AssetAssignmentId, BillItemTypeId, BillRate, InvoiceRate, Deleted) values (68, 2,  0.445,  0.445, 0);
insert into RateByAssignment(AssetAssignmentId, BillItemTypeId, BillRate, InvoiceRate, Deleted) values (68, 1, 46.880, 46.880, 0);
insert into RateByAssignment(AssetAssignmentId, BillItemTypeId, BillRate, InvoiceRate, Deleted) values (69, 2,  0.445,  0.445, 0);
insert into RateByAssignment(AssetAssignmentId, BillItemTypeId, BillRate, InvoiceRate, Deleted) values (69, 1, 46.880, 46.880, 0);
insert into RateByAssignment(AssetAssignmentId, BillItemTypeId, BillRate, InvoiceRate, Deleted) values (70, 2,  0.445,  0.445, 0);
insert into RateByAssignment(AssetAssignmentId, BillItemTypeId, BillRate, InvoiceRate, Deleted) values (70, 1, 46.880, 46.880, 0);
insert into RateByAssignment(AssetAssignmentId, BillItemTypeId, BillRate, InvoiceRate, Deleted) values (71, 2,  0.445,  0.445, 0);
insert into RateByAssignment(AssetAssignmentId, BillItemTypeId, BillRate, InvoiceRate, Deleted) values (71, 1, 46.880, 46.880, 0);
insert into RateByAssignment(AssetAssignmentId, BillItemTypeId, BillRate, InvoiceRate, Deleted) values (72, 2,  0.500,  0.500, 0);
insert into RateByAssignment(AssetAssignmentId, BillItemTypeId, BillRate, InvoiceRate, Deleted) values (72, 1, 50.000, 50.000, 0);
insert into RateByAssignment(AssetAssignmentId, BillItemTypeId, BillRate, InvoiceRate, Deleted) values (73, 2,  0.500,  0.500, 0);
insert into RateByAssignment(AssetAssignmentId, BillItemTypeId, BillRate, InvoiceRate, Deleted) values (73, 1, 56.250, 56.250, 0);
insert into RateByAssignment(AssetAssignmentId, BillItemTypeId, BillRate, InvoiceRate, Deleted) values (74, 2,  0.500,  0.500, 0);
insert into RateByAssignment(AssetAssignmentId, BillItemTypeId, BillRate, InvoiceRate, Deleted) values (74, 1, 56.250, 56.250, 0);
insert into RateByAssignment(AssetAssignmentId, BillItemTypeId, BillRate, InvoiceRate, Deleted) values (75, 2,  0.500,  0.500, 0);
insert into RateByAssignment(AssetAssignmentId, BillItemTypeId, BillRate, InvoiceRate, Deleted) values (75, 1, 56.250, 56.250, 0);
insert into RateByAssignment(AssetAssignmentId, BillItemTypeId, BillRate, InvoiceRate, Deleted) values (76, 2,  0.500,  0.500, 0);
insert into RateByAssignment(AssetAssignmentId, BillItemTypeId, BillRate, InvoiceRate, Deleted) values (76, 1, 56.250, 56.250, 0);
insert into RateByAssignment(AssetAssignmentId, BillItemTypeId, BillRate, InvoiceRate, Deleted) values (77, 2,  0.500,  0.500, 0);
insert into RateByAssignment(AssetAssignmentId, BillItemTypeId, BillRate, InvoiceRate, Deleted) values (77, 1, 56.250, 56.250, 0);
insert into RateByAssignment(AssetAssignmentId, BillItemTypeId, BillRate, InvoiceRate, Deleted) values (78, 2,  0.500,  0.500, 0);
insert into RateByAssignment(AssetAssignmentId, BillItemTypeId, BillRate, InvoiceRate, Deleted) values (78, 1, 56.250, 56.250, 0);
insert into RateByAssignment(AssetAssignmentId, BillItemTypeId, BillRate, InvoiceRate, Deleted) values (79, 2,  0.500,  0.500, 0);
insert into RateByAssignment(AssetAssignmentId, BillItemTypeId, BillRate, InvoiceRate, Deleted) values (79, 1, 56.250, 56.250, 0);
insert into RateByAssignment(AssetAssignmentId, BillItemTypeId, BillRate, InvoiceRate, Deleted) values (80, 2,  0.500,  0.500, 0);
insert into RateByAssignment(AssetAssignmentId, BillItemTypeId, BillRate, InvoiceRate, Deleted) values (80, 1, 56.250, 56.250, 0);
insert into RateByAssignment(AssetAssignmentId, BillItemTypeId, BillRate, InvoiceRate, Deleted) values (81, 2,  0.500,  0.500, 0);
insert into RateByAssignment(AssetAssignmentId, BillItemTypeId, BillRate, InvoiceRate, Deleted) values (81, 1, 56.250, 56.250, 0);
insert into RateByAssignment(AssetAssignmentId, BillItemTypeId, BillRate, InvoiceRate, Deleted) values (82, 2,  0.500,  0.500, 0);
insert into RateByAssignment(AssetAssignmentId, BillItemTypeId, BillRate, InvoiceRate, Deleted) values (82, 1, 56.250, 56.250, 0);


insert into Bill (Status, Notes, StartDate, AssetId, TotalDailyBill, DailyBillAmt, OtherBillAmt, TotalBillAmt) values ('NEW', '', '01/01/2007',          1, 0, 0, 0, 0);
insert into Bill (Status, Notes, StartDate, AssetId, TotalDailyBill, DailyBillAmt, OtherBillAmt, TotalBillAmt) values ('NEW', '', '01/16/2007',          1, 0, 0, 0, 0);
insert into Bill (Status, Notes, StartDate, AssetId, TotalDailyBill, DailyBillAmt, OtherBillAmt, TotalBillAmt) values ('NEW', '', '02/01/2007',          1, 0, 0, 0, 0);
insert into Bill (Status, Notes, StartDate, AssetId, TotalDailyBill, DailyBillAmt, OtherBillAmt, TotalBillAmt) values ('NEW', '', '02/16/2007',          1, 0, 0, 0, 0);
insert into Bill (Status, Notes, StartDate, AssetId, TotalDailyBill, DailyBillAmt, OtherBillAmt, TotalBillAmt) values ('NEW', '', '03/01/2007',          1, 0, 0, 0, 0);
insert into Bill (Status, Notes, StartDate, AssetId, TotalDailyBill, DailyBillAmt, OtherBillAmt, TotalBillAmt) values ('NEW', '', '03/16/2007',          1, 0, 0, 0, 0);
insert into Bill (Status, Notes, StartDate, AssetId, TotalDailyBill, DailyBillAmt, OtherBillAmt, TotalBillAmt) values ('NEW', '', '04/01/2007',          1, 0, 0, 0, 0);
insert into Bill (Status, Notes, StartDate, AssetId, TotalDailyBill, DailyBillAmt, OtherBillAmt, TotalBillAmt) values ('NEW', '', '04/16/2007',          1, 0, 0, 0, 0);
insert into Bill (Status, Notes, StartDate, AssetId, TotalDailyBill, DailyBillAmt, OtherBillAmt, TotalBillAmt) values ('NEW', '', '05/01/2007',          1, 0, 0, 0, 0);
insert into Bill (Status, Notes, StartDate, AssetId, TotalDailyBill, DailyBillAmt, OtherBillAmt, TotalBillAmt) values ('NEW', '', '05/16/2007',          1, 0, 0, 0, 0);
insert into Bill (Status, Notes, StartDate, AssetId, TotalDailyBill, DailyBillAmt, OtherBillAmt, TotalBillAmt) values ('NEW', '', '06/01/2007',          1, 0, 0, 0, 0);
insert into Bill (Status, Notes, StartDate, AssetId, TotalDailyBill, DailyBillAmt, OtherBillAmt, TotalBillAmt) values ('NEW', '', '06/16/2007',          1, 0, 0, 0, 0);
insert into Bill (Status, Notes, StartDate, AssetId, TotalDailyBill, DailyBillAmt, OtherBillAmt, TotalBillAmt) values ('NEW', '', '07/01/2007',          1, 0, 0, 0, 0);
insert into Bill (Status, Notes, StartDate, AssetId, TotalDailyBill, DailyBillAmt, OtherBillAmt, TotalBillAmt) values ('NEW', '', '07/16/2007',          1, 0, 0, 0, 0);
insert into Bill (Status, Notes, StartDate, AssetId, TotalDailyBill, DailyBillAmt, OtherBillAmt, TotalBillAmt) values ('NEW', '', '08/01/2007',          1, 0, 0, 0, 0);
insert into Bill (Status, Notes, StartDate, AssetId, TotalDailyBill, DailyBillAmt, OtherBillAmt, TotalBillAmt) values ('NEW', '', '08/16/2007',          1, 0, 0, 0, 0);
insert into Bill (Status, Notes, StartDate, AssetId, TotalDailyBill, DailyBillAmt, OtherBillAmt, TotalBillAmt) values ('NEW', '', '09/01/2007',          1, 0, 0, 0, 0);
insert into Bill (Status, Notes, StartDate, AssetId, TotalDailyBill, DailyBillAmt, OtherBillAmt, TotalBillAmt) values ('NEW', '', '09/16/2007',          1, 0, 0, 0, 0);
insert into Bill (Status, Notes, StartDate, AssetId, TotalDailyBill, DailyBillAmt, OtherBillAmt, TotalBillAmt) values ('NEW', '', '10/01/2007',          1, 0, 0, 0, 0);
insert into Bill (Status, Notes, StartDate, AssetId, TotalDailyBill, DailyBillAmt, OtherBillAmt, TotalBillAmt) values ('NEW', '', '10/16/2007',          1, 0, 0, 0, 0);
insert into Bill (Status, Notes, StartDate, AssetId, TotalDailyBill, DailyBillAmt, OtherBillAmt, TotalBillAmt) values ('NEW', '', '11/01/2007',          1, 0, 0, 0, 0);
insert into Bill (Status, Notes, StartDate, AssetId, TotalDailyBill, DailyBillAmt, OtherBillAmt, TotalBillAmt) values ('NEW', '', '11/16/2007',          1, 0, 0, 0, 0);
insert into Bill (Status, Notes, StartDate, AssetId, TotalDailyBill, DailyBillAmt, OtherBillAmt, TotalBillAmt) values ('NEW', '', '12/01/2007',          1, 0, 0, 0, 0);
insert into Bill (Status, Notes, StartDate, AssetId, TotalDailyBill, DailyBillAmt, OtherBillAmt, TotalBillAmt) values ('NEW', '', '12/16/2007',          1, 0, 0, 0, 0);
insert into Bill (Status, Notes, StartDate, AssetId, TotalDailyBill, DailyBillAmt, OtherBillAmt, TotalBillAmt) values ('NEW', '', '01/01/2007',          2, 0, 0, 0, 0);
insert into Bill (Status, Notes, StartDate, AssetId, TotalDailyBill, DailyBillAmt, OtherBillAmt, TotalBillAmt) values ('NEW', '', '01/16/2007',          2, 0, 0, 0, 0);
insert into Bill (Status, Notes, StartDate, AssetId, TotalDailyBill, DailyBillAmt, OtherBillAmt, TotalBillAmt) values ('NEW', '', '02/01/2007',          2, 0, 0, 0, 0);
insert into Bill (Status, Notes, StartDate, AssetId, TotalDailyBill, DailyBillAmt, OtherBillAmt, TotalBillAmt) values ('NEW', '', '02/16/2007',          2, 0, 0, 0, 0);
insert into Bill (Status, Notes, StartDate, AssetId, TotalDailyBill, DailyBillAmt, OtherBillAmt, TotalBillAmt) values ('NEW', '', '03/01/2007',          2, 0, 0, 0, 0);
insert into Bill (Status, Notes, StartDate, AssetId, TotalDailyBill, DailyBillAmt, OtherBillAmt, TotalBillAmt) values ('NEW', '', '03/16/2007',          2, 0, 0, 0, 0);
insert into Bill (Status, Notes, StartDate, AssetId, TotalDailyBill, DailyBillAmt, OtherBillAmt, TotalBillAmt) values ('NEW', '', '04/01/2007',          2, 0, 0, 0, 0);
insert into Bill (Status, Notes, StartDate, AssetId, TotalDailyBill, DailyBillAmt, OtherBillAmt, TotalBillAmt) values ('NEW', '', '04/16/2007',          2, 0, 0, 0, 0);
insert into Bill (Status, Notes, StartDate, AssetId, TotalDailyBill, DailyBillAmt, OtherBillAmt, TotalBillAmt) values ('NEW', '', '05/01/2007',          2, 0, 0, 0, 0);
insert into Bill (Status, Notes, StartDate, AssetId, TotalDailyBill, DailyBillAmt, OtherBillAmt, TotalBillAmt) values ('NEW', '', '05/16/2007',          2, 0, 0, 0, 0);
insert into Bill (Status, Notes, StartDate, AssetId, TotalDailyBill, DailyBillAmt, OtherBillAmt, TotalBillAmt) values ('NEW', '', '06/01/2007',          2, 0, 0, 0, 0);
insert into Bill (Status, Notes, StartDate, AssetId, TotalDailyBill, DailyBillAmt, OtherBillAmt, TotalBillAmt) values ('NEW', '', '06/16/2007',          2, 0, 0, 0, 0);
insert into Bill (Status, Notes, StartDate, AssetId, TotalDailyBill, DailyBillAmt, OtherBillAmt, TotalBillAmt) values ('NEW', '', '07/01/2007',          2, 0, 0, 0, 0);
insert into Bill (Status, Notes, StartDate, AssetId, TotalDailyBill, DailyBillAmt, OtherBillAmt, TotalBillAmt) values ('NEW', '', '07/16/2007',          2, 0, 0, 0, 0);
insert into Bill (Status, Notes, StartDate, AssetId, TotalDailyBill, DailyBillAmt, OtherBillAmt, TotalBillAmt) values ('NEW', '', '08/01/2007',          2, 0, 0, 0, 0);
insert into Bill (Status, Notes, StartDate, AssetId, TotalDailyBill, DailyBillAmt, OtherBillAmt, TotalBillAmt) values ('NEW', '', '08/16/2007',          2, 0, 0, 0, 0);
insert into Bill (Status, Notes, StartDate, AssetId, TotalDailyBill, DailyBillAmt, OtherBillAmt, TotalBillAmt) values ('NEW', '', '09/01/2007',          2, 0, 0, 0, 0);
insert into Bill (Status, Notes, StartDate, AssetId, TotalDailyBill, DailyBillAmt, OtherBillAmt, TotalBillAmt) values ('NEW', '', '09/16/2007',          2, 0, 0, 0, 0);
insert into Bill (Status, Notes, StartDate, AssetId, TotalDailyBill, DailyBillAmt, OtherBillAmt, TotalBillAmt) values ('NEW', '', '10/01/2007',          2, 0, 0, 0, 0);
insert into Bill (Status, Notes, StartDate, AssetId, TotalDailyBill, DailyBillAmt, OtherBillAmt, TotalBillAmt) values ('NEW', '', '10/16/2007',          2, 0, 0, 0, 0);
insert into Bill (Status, Notes, StartDate, AssetId, TotalDailyBill, DailyBillAmt, OtherBillAmt, TotalBillAmt) values ('NEW', '', '11/01/2007',          2, 0, 0, 0, 0);
insert into Bill (Status, Notes, StartDate, AssetId, TotalDailyBill, DailyBillAmt, OtherBillAmt, TotalBillAmt) values ('NEW', '', '11/16/2007',          2, 0, 0, 0, 0);
insert into Bill (Status, Notes, StartDate, AssetId, TotalDailyBill, DailyBillAmt, OtherBillAmt, TotalBillAmt) values ('NEW', '', '12/01/2007',          2, 0, 0, 0, 0);
insert into Bill (Status, Notes, StartDate, AssetId, TotalDailyBill, DailyBillAmt, OtherBillAmt, TotalBillAmt) values ('NEW', '', '12/16/2007',          2, 0, 0, 0, 0);
insert into Bill (Status, Notes, StartDate, AssetId, TotalDailyBill, DailyBillAmt, OtherBillAmt, TotalBillAmt) values ('NEW', '', '01/01/2007',          3, 0, 0, 0, 0);
insert into Bill (Status, Notes, StartDate, AssetId, TotalDailyBill, DailyBillAmt, OtherBillAmt, TotalBillAmt) values ('NEW', '', '01/16/2007',          3, 0, 0, 0, 0);
insert into Bill (Status, Notes, StartDate, AssetId, TotalDailyBill, DailyBillAmt, OtherBillAmt, TotalBillAmt) values ('NEW', '', '02/01/2007',          3, 0, 0, 0, 0);
insert into Bill (Status, Notes, StartDate, AssetId, TotalDailyBill, DailyBillAmt, OtherBillAmt, TotalBillAmt) values ('NEW', '', '02/16/2007',          3, 0, 0, 0, 0);
insert into Bill (Status, Notes, StartDate, AssetId, TotalDailyBill, DailyBillAmt, OtherBillAmt, TotalBillAmt) values ('NEW', '', '03/01/2007',          3, 0, 0, 0, 0);
insert into Bill (Status, Notes, StartDate, AssetId, TotalDailyBill, DailyBillAmt, OtherBillAmt, TotalBillAmt) values ('NEW', '', '03/16/2007',          3, 0, 0, 0, 0);
insert into Bill (Status, Notes, StartDate, AssetId, TotalDailyBill, DailyBillAmt, OtherBillAmt, TotalBillAmt) values ('NEW', '', '04/01/2007',          3, 0, 0, 0, 0);
insert into Bill (Status, Notes, StartDate, AssetId, TotalDailyBill, DailyBillAmt, OtherBillAmt, TotalBillAmt) values ('NEW', '', '04/16/2007',          3, 0, 0, 0, 0);
insert into Bill (Status, Notes, StartDate, AssetId, TotalDailyBill, DailyBillAmt, OtherBillAmt, TotalBillAmt) values ('NEW', '', '05/01/2007',          3, 0, 0, 0, 0);
insert into Bill (Status, Notes, StartDate, AssetId, TotalDailyBill, DailyBillAmt, OtherBillAmt, TotalBillAmt) values ('NEW', '', '05/16/2007',          3, 0, 0, 0, 0);
insert into Bill (Status, Notes, StartDate, AssetId, TotalDailyBill, DailyBillAmt, OtherBillAmt, TotalBillAmt) values ('NEW', '', '06/01/2007',          3, 0, 0, 0, 0);
insert into Bill (Status, Notes, StartDate, AssetId, TotalDailyBill, DailyBillAmt, OtherBillAmt, TotalBillAmt) values ('NEW', '', '06/16/2007',          3, 0, 0, 0, 0);
insert into Bill (Status, Notes, StartDate, AssetId, TotalDailyBill, DailyBillAmt, OtherBillAmt, TotalBillAmt) values ('NEW', '', '07/01/2007',          3, 0, 0, 0, 0);
insert into Bill (Status, Notes, StartDate, AssetId, TotalDailyBill, DailyBillAmt, OtherBillAmt, TotalBillAmt) values ('NEW', '', '07/16/2007',          3, 0, 0, 0, 0);
insert into Bill (Status, Notes, StartDate, AssetId, TotalDailyBill, DailyBillAmt, OtherBillAmt, TotalBillAmt) values ('NEW', '', '08/01/2007',          3, 0, 0, 0, 0);
insert into Bill (Status, Notes, StartDate, AssetId, TotalDailyBill, DailyBillAmt, OtherBillAmt, TotalBillAmt) values ('NEW', '', '08/16/2007',          3, 0, 0, 0, 0);
insert into Bill (Status, Notes, StartDate, AssetId, TotalDailyBill, DailyBillAmt, OtherBillAmt, TotalBillAmt) values ('NEW', '', '09/01/2007',          3, 0, 0, 0, 0);
insert into Bill (Status, Notes, StartDate, AssetId, TotalDailyBill, DailyBillAmt, OtherBillAmt, TotalBillAmt) values ('NEW', '', '09/16/2007',          3, 0, 0, 0, 0);
insert into Bill (Status, Notes, StartDate, AssetId, TotalDailyBill, DailyBillAmt, OtherBillAmt, TotalBillAmt) values ('NEW', '', '10/01/2007',          3, 0, 0, 0, 0);
insert into Bill (Status, Notes, StartDate, AssetId, TotalDailyBill, DailyBillAmt, OtherBillAmt, TotalBillAmt) values ('NEW', '', '10/16/2007',          3, 0, 0, 0, 0);
insert into Bill (Status, Notes, StartDate, AssetId, TotalDailyBill, DailyBillAmt, OtherBillAmt, TotalBillAmt) values ('NEW', '', '11/01/2007',          3, 0, 0, 0, 0);
insert into Bill (Status, Notes, StartDate, AssetId, TotalDailyBill, DailyBillAmt, OtherBillAmt, TotalBillAmt) values ('NEW', '', '11/16/2007',          3, 0, 0, 0, 0);
insert into Bill (Status, Notes, StartDate, AssetId, TotalDailyBill, DailyBillAmt, OtherBillAmt, TotalBillAmt) values ('NEW', '', '12/01/2007',          3, 0, 0, 0, 0);
insert into Bill (Status, Notes, StartDate, AssetId, TotalDailyBill, DailyBillAmt, OtherBillAmt, TotalBillAmt) values ('NEW', '', '12/16/2007',          3, 0, 0, 0, 0);
insert into Bill (Status, Notes, StartDate, AssetId, TotalDailyBill, DailyBillAmt, OtherBillAmt, TotalBillAmt) values ('NEW', '', '01/01/2007',          4, 0, 0, 0, 0);
insert into Bill (Status, Notes, StartDate, AssetId, TotalDailyBill, DailyBillAmt, OtherBillAmt, TotalBillAmt) values ('NEW', '', '01/16/2007',          4, 0, 0, 0, 0);
insert into Bill (Status, Notes, StartDate, AssetId, TotalDailyBill, DailyBillAmt, OtherBillAmt, TotalBillAmt) values ('NEW', '', '02/01/2007',          4, 0, 0, 0, 0);
insert into Bill (Status, Notes, StartDate, AssetId, TotalDailyBill, DailyBillAmt, OtherBillAmt, TotalBillAmt) values ('NEW', '', '02/16/2007',          4, 0, 0, 0, 0);
insert into Bill (Status, Notes, StartDate, AssetId, TotalDailyBill, DailyBillAmt, OtherBillAmt, TotalBillAmt) values ('NEW', '', '03/01/2007',          4, 0, 0, 0, 0);
insert into Bill (Status, Notes, StartDate, AssetId, TotalDailyBill, DailyBillAmt, OtherBillAmt, TotalBillAmt) values ('NEW', '', '03/16/2007',          4, 0, 0, 0, 0);
insert into Bill (Status, Notes, StartDate, AssetId, TotalDailyBill, DailyBillAmt, OtherBillAmt, TotalBillAmt) values ('NEW', '', '04/01/2007',          4, 0, 0, 0, 0);
insert into Bill (Status, Notes, StartDate, AssetId, TotalDailyBill, DailyBillAmt, OtherBillAmt, TotalBillAmt) values ('NEW', '', '04/16/2007',          4, 0, 0, 0, 0);
insert into Bill (Status, Notes, StartDate, AssetId, TotalDailyBill, DailyBillAmt, OtherBillAmt, TotalBillAmt) values ('NEW', '', '05/01/2007',          4, 0, 0, 0, 0);
insert into Bill (Status, Notes, StartDate, AssetId, TotalDailyBill, DailyBillAmt, OtherBillAmt, TotalBillAmt) values ('NEW', '', '05/16/2007',          4, 0, 0, 0, 0);
insert into Bill (Status, Notes, StartDate, AssetId, TotalDailyBill, DailyBillAmt, OtherBillAmt, TotalBillAmt) values ('NEW', '', '06/01/2007',          4, 0, 0, 0, 0);
insert into Bill (Status, Notes, StartDate, AssetId, TotalDailyBill, DailyBillAmt, OtherBillAmt, TotalBillAmt) values ('NEW', '', '06/16/2007',          4, 0, 0, 0, 0);
insert into Bill (Status, Notes, StartDate, AssetId, TotalDailyBill, DailyBillAmt, OtherBillAmt, TotalBillAmt) values ('NEW', '', '07/01/2007',          4, 0, 0, 0, 0);
insert into Bill (Status, Notes, StartDate, AssetId, TotalDailyBill, DailyBillAmt, OtherBillAmt, TotalBillAmt) values ('NEW', '', '07/16/2007',          4, 0, 0, 0, 0);
insert into Bill (Status, Notes, StartDate, AssetId, TotalDailyBill, DailyBillAmt, OtherBillAmt, TotalBillAmt) values ('NEW', '', '08/01/2007',          4, 0, 0, 0, 0);
insert into Bill (Status, Notes, StartDate, AssetId, TotalDailyBill, DailyBillAmt, OtherBillAmt, TotalBillAmt) values ('NEW', '', '08/16/2007',          4, 0, 0, 0, 0);
insert into Bill (Status, Notes, StartDate, AssetId, TotalDailyBill, DailyBillAmt, OtherBillAmt, TotalBillAmt) values ('NEW', '', '09/01/2007',          4, 0, 0, 0, 0);
insert into Bill (Status, Notes, StartDate, AssetId, TotalDailyBill, DailyBillAmt, OtherBillAmt, TotalBillAmt) values ('NEW', '', '09/16/2007',          4, 0, 0, 0, 0);
insert into Bill (Status, Notes, StartDate, AssetId, TotalDailyBill, DailyBillAmt, OtherBillAmt, TotalBillAmt) values ('NEW', '', '10/01/2007',          4, 0, 0, 0, 0);
insert into Bill (Status, Notes, StartDate, AssetId, TotalDailyBill, DailyBillAmt, OtherBillAmt, TotalBillAmt) values ('NEW', '', '10/16/2007',          4, 0, 0, 0, 0);
insert into Bill (Status, Notes, StartDate, AssetId, TotalDailyBill, DailyBillAmt, OtherBillAmt, TotalBillAmt) values ('NEW', '', '11/01/2007',          4, 0, 0, 0, 0);
insert into Bill (Status, Notes, StartDate, AssetId, TotalDailyBill, DailyBillAmt, OtherBillAmt, TotalBillAmt) values ('NEW', '', '11/16/2007',          4, 0, 0, 0, 0);
insert into Bill (Status, Notes, StartDate, AssetId, TotalDailyBill, DailyBillAmt, OtherBillAmt, TotalBillAmt) values ('NEW', '', '12/01/2007',          4, 0, 0, 0, 0);
insert into Bill (Status, Notes, StartDate, AssetId, TotalDailyBill, DailyBillAmt, OtherBillAmt, TotalBillAmt) values ('NEW', '', '12/16/2007',          4, 0, 0, 0, 0);
insert into Bill (Status, Notes, StartDate, AssetId, TotalDailyBill, DailyBillAmt, OtherBillAmt, TotalBillAmt) values ('NEW', '', '01/01/2007',          5, 0, 0, 0, 0);
insert into Bill (Status, Notes, StartDate, AssetId, TotalDailyBill, DailyBillAmt, OtherBillAmt, TotalBillAmt) values ('NEW', '', '01/16/2007',          5, 0, 0, 0, 0);
insert into Bill (Status, Notes, StartDate, AssetId, TotalDailyBill, DailyBillAmt, OtherBillAmt, TotalBillAmt) values ('NEW', '', '02/01/2007',          5, 0, 0, 0, 0);
insert into Bill (Status, Notes, StartDate, AssetId, TotalDailyBill, DailyBillAmt, OtherBillAmt, TotalBillAmt) values ('NEW', '', '02/16/2007',          5, 0, 0, 0, 0);
insert into Bill (Status, Notes, StartDate, AssetId, TotalDailyBill, DailyBillAmt, OtherBillAmt, TotalBillAmt) values ('NEW', '', '03/01/2007',          5, 0, 0, 0, 0);
insert into Bill (Status, Notes, StartDate, AssetId, TotalDailyBill, DailyBillAmt, OtherBillAmt, TotalBillAmt) values ('NEW', '', '03/16/2007',          5, 0, 0, 0, 0);
insert into Bill (Status, Notes, StartDate, AssetId, TotalDailyBill, DailyBillAmt, OtherBillAmt, TotalBillAmt) values ('NEW', '', '04/01/2007',          5, 0, 0, 0, 0);
insert into Bill (Status, Notes, StartDate, AssetId, TotalDailyBill, DailyBillAmt, OtherBillAmt, TotalBillAmt) values ('NEW', '', '04/16/2007',          5, 0, 0, 0, 0);
insert into Bill (Status, Notes, StartDate, AssetId, TotalDailyBill, DailyBillAmt, OtherBillAmt, TotalBillAmt) values ('NEW', '', '05/01/2007',          5, 0, 0, 0, 0);
insert into Bill (Status, Notes, StartDate, AssetId, TotalDailyBill, DailyBillAmt, OtherBillAmt, TotalBillAmt) values ('NEW', '', '05/16/2007',          5, 0, 0, 0, 0);
insert into Bill (Status, Notes, StartDate, AssetId, TotalDailyBill, DailyBillAmt, OtherBillAmt, TotalBillAmt) values ('NEW', '', '06/01/2007',          5, 0, 0, 0, 0);
insert into Bill (Status, Notes, StartDate, AssetId, TotalDailyBill, DailyBillAmt, OtherBillAmt, TotalBillAmt) values ('NEW', '', '06/16/2007',          5, 0, 0, 0, 0);
insert into Bill (Status, Notes, StartDate, AssetId, TotalDailyBill, DailyBillAmt, OtherBillAmt, TotalBillAmt) values ('NEW', '', '07/01/2007',          5, 0, 0, 0, 0);
insert into Bill (Status, Notes, StartDate, AssetId, TotalDailyBill, DailyBillAmt, OtherBillAmt, TotalBillAmt) values ('NEW', '', '07/16/2007',          5, 0, 0, 0, 0);
insert into Bill (Status, Notes, StartDate, AssetId, TotalDailyBill, DailyBillAmt, OtherBillAmt, TotalBillAmt) values ('NEW', '', '08/01/2007',          5, 0, 0, 0, 0);
insert into Bill (Status, Notes, StartDate, AssetId, TotalDailyBill, DailyBillAmt, OtherBillAmt, TotalBillAmt) values ('NEW', '', '08/16/2007',          5, 0, 0, 0, 0);
insert into Bill (Status, Notes, StartDate, AssetId, TotalDailyBill, DailyBillAmt, OtherBillAmt, TotalBillAmt) values ('NEW', '', '09/01/2007',          5, 0, 0, 0, 0);
insert into Bill (Status, Notes, StartDate, AssetId, TotalDailyBill, DailyBillAmt, OtherBillAmt, TotalBillAmt) values ('NEW', '', '09/16/2007',          5, 0, 0, 0, 0);
insert into Bill (Status, Notes, StartDate, AssetId, TotalDailyBill, DailyBillAmt, OtherBillAmt, TotalBillAmt) values ('NEW', '', '10/01/2007',          5, 0, 0, 0, 0);
insert into Bill (Status, Notes, StartDate, AssetId, TotalDailyBill, DailyBillAmt, OtherBillAmt, TotalBillAmt) values ('NEW', '', '10/16/2007',          5, 0, 0, 0, 0);
insert into Bill (Status, Notes, StartDate, AssetId, TotalDailyBill, DailyBillAmt, OtherBillAmt, TotalBillAmt) values ('NEW', '', '11/01/2007',          5, 0, 0, 0, 0);
insert into Bill (Status, Notes, StartDate, AssetId, TotalDailyBill, DailyBillAmt, OtherBillAmt, TotalBillAmt) values ('NEW', '', '11/16/2007',          5, 0, 0, 0, 0);
insert into Bill (Status, Notes, StartDate, AssetId, TotalDailyBill, DailyBillAmt, OtherBillAmt, TotalBillAmt) values ('NEW', '', '12/01/2007',          5, 0, 0, 0, 0);
insert into Bill (Status, Notes, StartDate, AssetId, TotalDailyBill, DailyBillAmt, OtherBillAmt, TotalBillAmt) values ('NEW', '', '12/16/2007',          5, 0, 0, 0, 0);
insert into Bill (Status, Notes, StartDate, AssetId, TotalDailyBill, DailyBillAmt, OtherBillAmt, TotalBillAmt) values ('NEW', '', '01/01/2007',          6, 0, 0, 0, 0);
insert into Bill (Status, Notes, StartDate, AssetId, TotalDailyBill, DailyBillAmt, OtherBillAmt, TotalBillAmt) values ('NEW', '', '01/16/2007',          6, 0, 0, 0, 0);
insert into Bill (Status, Notes, StartDate, AssetId, TotalDailyBill, DailyBillAmt, OtherBillAmt, TotalBillAmt) values ('NEW', '', '02/01/2007',          6, 0, 0, 0, 0);
insert into Bill (Status, Notes, StartDate, AssetId, TotalDailyBill, DailyBillAmt, OtherBillAmt, TotalBillAmt) values ('NEW', '', '02/16/2007',          6, 0, 0, 0, 0);
insert into Bill (Status, Notes, StartDate, AssetId, TotalDailyBill, DailyBillAmt, OtherBillAmt, TotalBillAmt) values ('NEW', '', '03/01/2007',          6, 0, 0, 0, 0);
insert into Bill (Status, Notes, StartDate, AssetId, TotalDailyBill, DailyBillAmt, OtherBillAmt, TotalBillAmt) values ('NEW', '', '03/16/2007',          6, 0, 0, 0, 0);
insert into Bill (Status, Notes, StartDate, AssetId, TotalDailyBill, DailyBillAmt, OtherBillAmt, TotalBillAmt) values ('NEW', '', '04/01/2007',          6, 0, 0, 0, 0);
insert into Bill (Status, Notes, StartDate, AssetId, TotalDailyBill, DailyBillAmt, OtherBillAmt, TotalBillAmt) values ('NEW', '', '04/16/2007',          6, 0, 0, 0, 0);
insert into Bill (Status, Notes, StartDate, AssetId, TotalDailyBill, DailyBillAmt, OtherBillAmt, TotalBillAmt) values ('NEW', '', '05/01/2007',          6, 0, 0, 0, 0);
insert into Bill (Status, Notes, StartDate, AssetId, TotalDailyBill, DailyBillAmt, OtherBillAmt, TotalBillAmt) values ('NEW', '', '05/16/2007',          6, 0, 0, 0, 0);
insert into Bill (Status, Notes, StartDate, AssetId, TotalDailyBill, DailyBillAmt, OtherBillAmt, TotalBillAmt) values ('NEW', '', '06/01/2007',          6, 0, 0, 0, 0);
insert into Bill (Status, Notes, StartDate, AssetId, TotalDailyBill, DailyBillAmt, OtherBillAmt, TotalBillAmt) values ('NEW', '', '06/16/2007',          6, 0, 0, 0, 0);
insert into Bill (Status, Notes, StartDate, AssetId, TotalDailyBill, DailyBillAmt, OtherBillAmt, TotalBillAmt) values ('NEW', '', '07/01/2007',          6, 0, 0, 0, 0);
insert into Bill (Status, Notes, StartDate, AssetId, TotalDailyBill, DailyBillAmt, OtherBillAmt, TotalBillAmt) values ('NEW', '', '07/16/2007',          6, 0, 0, 0, 0);
insert into Bill (Status, Notes, StartDate, AssetId, TotalDailyBill, DailyBillAmt, OtherBillAmt, TotalBillAmt) values ('NEW', '', '08/01/2007',          6, 0, 0, 0, 0);
insert into Bill (Status, Notes, StartDate, AssetId, TotalDailyBill, DailyBillAmt, OtherBillAmt, TotalBillAmt) values ('NEW', '', '08/16/2007',          6, 0, 0, 0, 0);
insert into Bill (Status, Notes, StartDate, AssetId, TotalDailyBill, DailyBillAmt, OtherBillAmt, TotalBillAmt) values ('NEW', '', '09/01/2007',          6, 0, 0, 0, 0);
insert into Bill (Status, Notes, StartDate, AssetId, TotalDailyBill, DailyBillAmt, OtherBillAmt, TotalBillAmt) values ('NEW', '', '09/16/2007',          6, 0, 0, 0, 0);
insert into Bill (Status, Notes, StartDate, AssetId, TotalDailyBill, DailyBillAmt, OtherBillAmt, TotalBillAmt) values ('NEW', '', '10/01/2007',          6, 0, 0, 0, 0);
insert into Bill (Status, Notes, StartDate, AssetId, TotalDailyBill, DailyBillAmt, OtherBillAmt, TotalBillAmt) values ('NEW', '', '10/16/2007',          6, 0, 0, 0, 0);
insert into Bill (Status, Notes, StartDate, AssetId, TotalDailyBill, DailyBillAmt, OtherBillAmt, TotalBillAmt) values ('NEW', '', '11/01/2007',          6, 0, 0, 0, 0);
insert into Bill (Status, Notes, StartDate, AssetId, TotalDailyBill, DailyBillAmt, OtherBillAmt, TotalBillAmt) values ('NEW', '', '11/16/2007',          6, 0, 0, 0, 0);
insert into Bill (Status, Notes, StartDate, AssetId, TotalDailyBill, DailyBillAmt, OtherBillAmt, TotalBillAmt) values ('NEW', '', '12/01/2007',          6, 0, 0, 0, 0);
insert into Bill (Status, Notes, StartDate, AssetId, TotalDailyBill, DailyBillAmt, OtherBillAmt, TotalBillAmt) values ('NEW', '', '12/16/2007',          6, 0, 0, 0, 0);
insert into Bill (Status, Notes, StartDate, AssetId, TotalDailyBill, DailyBillAmt, OtherBillAmt, TotalBillAmt) values ('NEW', '', '01/01/2007',          7, 0, 0, 0, 0);
insert into Bill (Status, Notes, StartDate, AssetId, TotalDailyBill, DailyBillAmt, OtherBillAmt, TotalBillAmt) values ('NEW', '', '01/16/2007',          7, 0, 0, 0, 0);
insert into Bill (Status, Notes, StartDate, AssetId, TotalDailyBill, DailyBillAmt, OtherBillAmt, TotalBillAmt) values ('NEW', '', '02/01/2007',          7, 0, 0, 0, 0);
insert into Bill (Status, Notes, StartDate, AssetId, TotalDailyBill, DailyBillAmt, OtherBillAmt, TotalBillAmt) values ('NEW', '', '02/16/2007',          7, 0, 0, 0, 0);
insert into Bill (Status, Notes, StartDate, AssetId, TotalDailyBill, DailyBillAmt, OtherBillAmt, TotalBillAmt) values ('NEW', '', '03/01/2007',          7, 0, 0, 0, 0);
insert into Bill (Status, Notes, StartDate, AssetId, TotalDailyBill, DailyBillAmt, OtherBillAmt, TotalBillAmt) values ('NEW', '', '03/16/2007',          7, 0, 0, 0, 0);
insert into Bill (Status, Notes, StartDate, AssetId, TotalDailyBill, DailyBillAmt, OtherBillAmt, TotalBillAmt) values ('NEW', '', '04/01/2007',          7, 0, 0, 0, 0);
insert into Bill (Status, Notes, StartDate, AssetId, TotalDailyBill, DailyBillAmt, OtherBillAmt, TotalBillAmt) values ('NEW', '', '04/16/2007',          7, 0, 0, 0, 0);
insert into Bill (Status, Notes, StartDate, AssetId, TotalDailyBill, DailyBillAmt, OtherBillAmt, TotalBillAmt) values ('NEW', '', '05/01/2007',          7, 0, 0, 0, 0);
insert into Bill (Status, Notes, StartDate, AssetId, TotalDailyBill, DailyBillAmt, OtherBillAmt, TotalBillAmt) values ('NEW', '', '05/16/2007',          7, 0, 0, 0, 0);
insert into Bill (Status, Notes, StartDate, AssetId, TotalDailyBill, DailyBillAmt, OtherBillAmt, TotalBillAmt) values ('NEW', '', '06/01/2007',          7, 0, 0, 0, 0);
insert into Bill (Status, Notes, StartDate, AssetId, TotalDailyBill, DailyBillAmt, OtherBillAmt, TotalBillAmt) values ('NEW', '', '06/16/2007',          7, 0, 0, 0, 0);
insert into Bill (Status, Notes, StartDate, AssetId, TotalDailyBill, DailyBillAmt, OtherBillAmt, TotalBillAmt) values ('NEW', '', '07/01/2007',          7, 0, 0, 0, 0);
insert into Bill (Status, Notes, StartDate, AssetId, TotalDailyBill, DailyBillAmt, OtherBillAmt, TotalBillAmt) values ('NEW', '', '07/16/2007',          7, 0, 0, 0, 0);
insert into Bill (Status, Notes, StartDate, AssetId, TotalDailyBill, DailyBillAmt, OtherBillAmt, TotalBillAmt) values ('NEW', '', '08/01/2007',          7, 0, 0, 0, 0);
insert into Bill (Status, Notes, StartDate, AssetId, TotalDailyBill, DailyBillAmt, OtherBillAmt, TotalBillAmt) values ('NEW', '', '08/16/2007',          7, 0, 0, 0, 0);
insert into Bill (Status, Notes, StartDate, AssetId, TotalDailyBill, DailyBillAmt, OtherBillAmt, TotalBillAmt) values ('NEW', '', '09/01/2007',          7, 0, 0, 0, 0);
insert into Bill (Status, Notes, StartDate, AssetId, TotalDailyBill, DailyBillAmt, OtherBillAmt, TotalBillAmt) values ('NEW', '', '09/16/2007',          7, 0, 0, 0, 0);
insert into Bill (Status, Notes, StartDate, AssetId, TotalDailyBill, DailyBillAmt, OtherBillAmt, TotalBillAmt) values ('NEW', '', '10/01/2007',          7, 0, 0, 0, 0);
insert into Bill (Status, Notes, StartDate, AssetId, TotalDailyBill, DailyBillAmt, OtherBillAmt, TotalBillAmt) values ('NEW', '', '10/16/2007',          7, 0, 0, 0, 0);
insert into Bill (Status, Notes, StartDate, AssetId, TotalDailyBill, DailyBillAmt, OtherBillAmt, TotalBillAmt) values ('NEW', '', '11/01/2007',          7, 0, 0, 0, 0);
insert into Bill (Status, Notes, StartDate, AssetId, TotalDailyBill, DailyBillAmt, OtherBillAmt, TotalBillAmt) values ('NEW', '', '11/16/2007',          7, 0, 0, 0, 0);
insert into Bill (Status, Notes, StartDate, AssetId, TotalDailyBill, DailyBillAmt, OtherBillAmt, TotalBillAmt) values ('NEW', '', '12/01/2007',          7, 0, 0, 0, 0);
insert into Bill (Status, Notes, StartDate, AssetId, TotalDailyBill, DailyBillAmt, OtherBillAmt, TotalBillAmt) values ('NEW', '', '12/16/2007',          7, 0, 0, 0, 0);
insert into Bill (Status, Notes, StartDate, AssetId, TotalDailyBill, DailyBillAmt, OtherBillAmt, TotalBillAmt) values ('NEW', '', '01/01/2007',          8, 0, 0, 0, 0);
insert into Bill (Status, Notes, StartDate, AssetId, TotalDailyBill, DailyBillAmt, OtherBillAmt, TotalBillAmt) values ('NEW', '', '01/16/2007',          8, 0, 0, 0, 0);
insert into Bill (Status, Notes, StartDate, AssetId, TotalDailyBill, DailyBillAmt, OtherBillAmt, TotalBillAmt) values ('NEW', '', '02/01/2007',          8, 0, 0, 0, 0);
insert into Bill (Status, Notes, StartDate, AssetId, TotalDailyBill, DailyBillAmt, OtherBillAmt, TotalBillAmt) values ('NEW', '', '02/16/2007',          8, 0, 0, 0, 0);
insert into Bill (Status, Notes, StartDate, AssetId, TotalDailyBill, DailyBillAmt, OtherBillAmt, TotalBillAmt) values ('NEW', '', '03/01/2007',          8, 0, 0, 0, 0);
insert into Bill (Status, Notes, StartDate, AssetId, TotalDailyBill, DailyBillAmt, OtherBillAmt, TotalBillAmt) values ('NEW', '', '03/16/2007',          8, 0, 0, 0, 0);
insert into Bill (Status, Notes, StartDate, AssetId, TotalDailyBill, DailyBillAmt, OtherBillAmt, TotalBillAmt) values ('NEW', '', '04/01/2007',          8, 0, 0, 0, 0);
insert into Bill (Status, Notes, StartDate, AssetId, TotalDailyBill, DailyBillAmt, OtherBillAmt, TotalBillAmt) values ('NEW', '', '04/16/2007',          8, 0, 0, 0, 0);
insert into Bill (Status, Notes, StartDate, AssetId, TotalDailyBill, DailyBillAmt, OtherBillAmt, TotalBillAmt) values ('NEW', '', '05/01/2007',          8, 0, 0, 0, 0);
insert into Bill (Status, Notes, StartDate, AssetId, TotalDailyBill, DailyBillAmt, OtherBillAmt, TotalBillAmt) values ('NEW', '', '05/16/2007',          8, 0, 0, 0, 0);
insert into Bill (Status, Notes, StartDate, AssetId, TotalDailyBill, DailyBillAmt, OtherBillAmt, TotalBillAmt) values ('NEW', '', '06/01/2007',          8, 0, 0, 0, 0);
insert into Bill (Status, Notes, StartDate, AssetId, TotalDailyBill, DailyBillAmt, OtherBillAmt, TotalBillAmt) values ('NEW', '', '06/16/2007',          8, 0, 0, 0, 0);
insert into Bill (Status, Notes, StartDate, AssetId, TotalDailyBill, DailyBillAmt, OtherBillAmt, TotalBillAmt) values ('NEW', '', '07/01/2007',          8, 0, 0, 0, 0);
insert into Bill (Status, Notes, StartDate, AssetId, TotalDailyBill, DailyBillAmt, OtherBillAmt, TotalBillAmt) values ('NEW', '', '07/16/2007',          8, 0, 0, 0, 0);
insert into Bill (Status, Notes, StartDate, AssetId, TotalDailyBill, DailyBillAmt, OtherBillAmt, TotalBillAmt) values ('NEW', '', '08/01/2007',          8, 0, 0, 0, 0);
insert into Bill (Status, Notes, StartDate, AssetId, TotalDailyBill, DailyBillAmt, OtherBillAmt, TotalBillAmt) values ('NEW', '', '08/16/2007',          8, 0, 0, 0, 0);
insert into Bill (Status, Notes, StartDate, AssetId, TotalDailyBill, DailyBillAmt, OtherBillAmt, TotalBillAmt) values ('NEW', '', '09/01/2007',          8, 0, 0, 0, 0);
insert into Bill (Status, Notes, StartDate, AssetId, TotalDailyBill, DailyBillAmt, OtherBillAmt, TotalBillAmt) values ('NEW', '', '09/16/2007',          8, 0, 0, 0, 0);
insert into Bill (Status, Notes, StartDate, AssetId, TotalDailyBill, DailyBillAmt, OtherBillAmt, TotalBillAmt) values ('NEW', '', '10/01/2007',          8, 0, 0, 0, 0);
insert into Bill (Status, Notes, StartDate, AssetId, TotalDailyBill, DailyBillAmt, OtherBillAmt, TotalBillAmt) values ('NEW', '', '10/16/2007',          8, 0, 0, 0, 0);
insert into Bill (Status, Notes, StartDate, AssetId, TotalDailyBill, DailyBillAmt, OtherBillAmt, TotalBillAmt) values ('NEW', '', '11/01/2007',          8, 0, 0, 0, 0);
insert into Bill (Status, Notes, StartDate, AssetId, TotalDailyBill, DailyBillAmt, OtherBillAmt, TotalBillAmt) values ('NEW', '', '11/16/2007',          8, 0, 0, 0, 0);
insert into Bill (Status, Notes, StartDate, AssetId, TotalDailyBill, DailyBillAmt, OtherBillAmt, TotalBillAmt) values ('NEW', '', '12/01/2007',          8, 0, 0, 0, 0);
insert into Bill (Status, Notes, StartDate, AssetId, TotalDailyBill, DailyBillAmt, OtherBillAmt, TotalBillAmt) values ('NEW', '', '12/16/2007',          8, 0, 0, 0, 0);
insert into Bill (Status, Notes, StartDate, AssetId, TotalDailyBill, DailyBillAmt, OtherBillAmt, TotalBillAmt) values ('NEW', '', '01/01/2007',          9, 0, 0, 0, 0);
insert into Bill (Status, Notes, StartDate, AssetId, TotalDailyBill, DailyBillAmt, OtherBillAmt, TotalBillAmt) values ('NEW', '', '01/16/2007',          9, 0, 0, 0, 0);
insert into Bill (Status, Notes, StartDate, AssetId, TotalDailyBill, DailyBillAmt, OtherBillAmt, TotalBillAmt) values ('NEW', '', '02/01/2007',          9, 0, 0, 0, 0);
insert into Bill (Status, Notes, StartDate, AssetId, TotalDailyBill, DailyBillAmt, OtherBillAmt, TotalBillAmt) values ('NEW', '', '02/16/2007',          9, 0, 0, 0, 0);
insert into Bill (Status, Notes, StartDate, AssetId, TotalDailyBill, DailyBillAmt, OtherBillAmt, TotalBillAmt) values ('NEW', '', '03/01/2007',          9, 0, 0, 0, 0);
insert into Bill (Status, Notes, StartDate, AssetId, TotalDailyBill, DailyBillAmt, OtherBillAmt, TotalBillAmt) values ('NEW', '', '03/16/2007',          9, 0, 0, 0, 0);
insert into Bill (Status, Notes, StartDate, AssetId, TotalDailyBill, DailyBillAmt, OtherBillAmt, TotalBillAmt) values ('NEW', '', '04/01/2007',          9, 0, 0, 0, 0);
insert into Bill (Status, Notes, StartDate, AssetId, TotalDailyBill, DailyBillAmt, OtherBillAmt, TotalBillAmt) values ('NEW', '', '04/16/2007',          9, 0, 0, 0, 0);
insert into Bill (Status, Notes, StartDate, AssetId, TotalDailyBill, DailyBillAmt, OtherBillAmt, TotalBillAmt) values ('NEW', '', '05/01/2007',          9, 0, 0, 0, 0);
insert into Bill (Status, Notes, StartDate, AssetId, TotalDailyBill, DailyBillAmt, OtherBillAmt, TotalBillAmt) values ('NEW', '', '05/16/2007',          9, 0, 0, 0, 0);
insert into Bill (Status, Notes, StartDate, AssetId, TotalDailyBill, DailyBillAmt, OtherBillAmt, TotalBillAmt) values ('NEW', '', '06/01/2007',          9, 0, 0, 0, 0);
insert into Bill (Status, Notes, StartDate, AssetId, TotalDailyBill, DailyBillAmt, OtherBillAmt, TotalBillAmt) values ('NEW', '', '06/16/2007',          9, 0, 0, 0, 0);
insert into Bill (Status, Notes, StartDate, AssetId, TotalDailyBill, DailyBillAmt, OtherBillAmt, TotalBillAmt) values ('NEW', '', '07/01/2007',          9, 0, 0, 0, 0);
insert into Bill (Status, Notes, StartDate, AssetId, TotalDailyBill, DailyBillAmt, OtherBillAmt, TotalBillAmt) values ('NEW', '', '07/16/2007',          9, 0, 0, 0, 0);
insert into Bill (Status, Notes, StartDate, AssetId, TotalDailyBill, DailyBillAmt, OtherBillAmt, TotalBillAmt) values ('NEW', '', '08/01/2007',          9, 0, 0, 0, 0);
insert into Bill (Status, Notes, StartDate, AssetId, TotalDailyBill, DailyBillAmt, OtherBillAmt, TotalBillAmt) values ('NEW', '', '08/16/2007',          9, 0, 0, 0, 0);
insert into Bill (Status, Notes, StartDate, AssetId, TotalDailyBill, DailyBillAmt, OtherBillAmt, TotalBillAmt) values ('NEW', '', '09/01/2007',          9, 0, 0, 0, 0);
insert into Bill (Status, Notes, StartDate, AssetId, TotalDailyBill, DailyBillAmt, OtherBillAmt, TotalBillAmt) values ('NEW', '', '09/16/2007',          9, 0, 0, 0, 0);
insert into Bill (Status, Notes, StartDate, AssetId, TotalDailyBill, DailyBillAmt, OtherBillAmt, TotalBillAmt) values ('NEW', '', '10/01/2007',          9, 0, 0, 0, 0);
insert into Bill (Status, Notes, StartDate, AssetId, TotalDailyBill, DailyBillAmt, OtherBillAmt, TotalBillAmt) values ('NEW', '', '10/16/2007',          9, 0, 0, 0, 0);
insert into Bill (Status, Notes, StartDate, AssetId, TotalDailyBill, DailyBillAmt, OtherBillAmt, TotalBillAmt) values ('NEW', '', '11/01/2007',          9, 0, 0, 0, 0);
insert into Bill (Status, Notes, StartDate, AssetId, TotalDailyBill, DailyBillAmt, OtherBillAmt, TotalBillAmt) values ('NEW', '', '11/16/2007',          9, 0, 0, 0, 0);
insert into Bill (Status, Notes, StartDate, AssetId, TotalDailyBill, DailyBillAmt, OtherBillAmt, TotalBillAmt) values ('NEW', '', '12/01/2007',          9, 0, 0, 0, 0);
insert into Bill (Status, Notes, StartDate, AssetId, TotalDailyBill, DailyBillAmt, OtherBillAmt, TotalBillAmt) values ('NEW', '', '12/16/2007',          9, 0, 0, 0, 0);
insert into Bill (Status, Notes, StartDate, AssetId, TotalDailyBill, DailyBillAmt, OtherBillAmt, TotalBillAmt) values ('NEW', '', '01/01/2007',         10, 0, 0, 0, 0);
insert into Bill (Status, Notes, StartDate, AssetId, TotalDailyBill, DailyBillAmt, OtherBillAmt, TotalBillAmt) values ('NEW', '', '01/16/2007',         10, 0, 0, 0, 0);
insert into Bill (Status, Notes, StartDate, AssetId, TotalDailyBill, DailyBillAmt, OtherBillAmt, TotalBillAmt) values ('NEW', '', '02/01/2007',         10, 0, 0, 0, 0);
insert into Bill (Status, Notes, StartDate, AssetId, TotalDailyBill, DailyBillAmt, OtherBillAmt, TotalBillAmt) values ('NEW', '', '02/16/2007',         10, 0, 0, 0, 0);
insert into Bill (Status, Notes, StartDate, AssetId, TotalDailyBill, DailyBillAmt, OtherBillAmt, TotalBillAmt) values ('NEW', '', '03/01/2007',         10, 0, 0, 0, 0);
insert into Bill (Status, Notes, StartDate, AssetId, TotalDailyBill, DailyBillAmt, OtherBillAmt, TotalBillAmt) values ('NEW', '', '03/16/2007',         10, 0, 0, 0, 0);
insert into Bill (Status, Notes, StartDate, AssetId, TotalDailyBill, DailyBillAmt, OtherBillAmt, TotalBillAmt) values ('NEW', '', '04/01/2007',         10, 0, 0, 0, 0);
insert into Bill (Status, Notes, StartDate, AssetId, TotalDailyBill, DailyBillAmt, OtherBillAmt, TotalBillAmt) values ('NEW', '', '04/16/2007',         10, 0, 0, 0, 0);
insert into Bill (Status, Notes, StartDate, AssetId, TotalDailyBill, DailyBillAmt, OtherBillAmt, TotalBillAmt) values ('NEW', '', '05/01/2007',         10, 0, 0, 0, 0);
insert into Bill (Status, Notes, StartDate, AssetId, TotalDailyBill, DailyBillAmt, OtherBillAmt, TotalBillAmt) values ('NEW', '', '05/16/2007',         10, 0, 0, 0, 0);
insert into Bill (Status, Notes, StartDate, AssetId, TotalDailyBill, DailyBillAmt, OtherBillAmt, TotalBillAmt) values ('NEW', '', '06/01/2007',         10, 0, 0, 0, 0);
insert into Bill (Status, Notes, StartDate, AssetId, TotalDailyBill, DailyBillAmt, OtherBillAmt, TotalBillAmt) values ('NEW', '', '06/16/2007',         10, 0, 0, 0, 0);
insert into Bill (Status, Notes, StartDate, AssetId, TotalDailyBill, DailyBillAmt, OtherBillAmt, TotalBillAmt) values ('NEW', '', '07/01/2007',         10, 0, 0, 0, 0);
insert into Bill (Status, Notes, StartDate, AssetId, TotalDailyBill, DailyBillAmt, OtherBillAmt, TotalBillAmt) values ('NEW', '', '07/16/2007',         10, 0, 0, 0, 0);
insert into Bill (Status, Notes, StartDate, AssetId, TotalDailyBill, DailyBillAmt, OtherBillAmt, TotalBillAmt) values ('NEW', '', '08/01/2007',         10, 0, 0, 0, 0);
insert into Bill (Status, Notes, StartDate, AssetId, TotalDailyBill, DailyBillAmt, OtherBillAmt, TotalBillAmt) values ('NEW', '', '08/16/2007',         10, 0, 0, 0, 0);
insert into Bill (Status, Notes, StartDate, AssetId, TotalDailyBill, DailyBillAmt, OtherBillAmt, TotalBillAmt) values ('NEW', '', '09/01/2007',         10, 0, 0, 0, 0);
insert into Bill (Status, Notes, StartDate, AssetId, TotalDailyBill, DailyBillAmt, OtherBillAmt, TotalBillAmt) values ('NEW', '', '09/16/2007',         10, 0, 0, 0, 0);
insert into Bill (Status, Notes, StartDate, AssetId, TotalDailyBill, DailyBillAmt, OtherBillAmt, TotalBillAmt) values ('NEW', '', '10/01/2007',         10, 0, 0, 0, 0);
insert into Bill (Status, Notes, StartDate, AssetId, TotalDailyBill, DailyBillAmt, OtherBillAmt, TotalBillAmt) values ('NEW', '', '10/16/2007',         10, 0, 0, 0, 0);
insert into Bill (Status, Notes, StartDate, AssetId, TotalDailyBill, DailyBillAmt, OtherBillAmt, TotalBillAmt) values ('NEW', '', '11/01/2007',         10, 0, 0, 0, 0);
insert into Bill (Status, Notes, StartDate, AssetId, TotalDailyBill, DailyBillAmt, OtherBillAmt, TotalBillAmt) values ('NEW', '', '11/16/2007',         10, 0, 0, 0, 0);
insert into Bill (Status, Notes, StartDate, AssetId, TotalDailyBill, DailyBillAmt, OtherBillAmt, TotalBillAmt) values ('NEW', '', '12/01/2007',         10, 0, 0, 0, 0);
insert into Bill (Status, Notes, StartDate, AssetId, TotalDailyBill, DailyBillAmt, OtherBillAmt, TotalBillAmt) values ('NEW', '', '12/16/2007',         10, 0, 0, 0, 0);
insert into Bill (Status, Notes, StartDate, AssetId, TotalDailyBill, DailyBillAmt, OtherBillAmt, TotalBillAmt) values ('NEW', '', '01/01/2007',         11, 0, 0, 0, 0);
insert into Bill (Status, Notes, StartDate, AssetId, TotalDailyBill, DailyBillAmt, OtherBillAmt, TotalBillAmt) values ('NEW', '', '01/16/2007',         11, 0, 0, 0, 0);
insert into Bill (Status, Notes, StartDate, AssetId, TotalDailyBill, DailyBillAmt, OtherBillAmt, TotalBillAmt) values ('NEW', '', '02/01/2007',         11, 0, 0, 0, 0);
insert into Bill (Status, Notes, StartDate, AssetId, TotalDailyBill, DailyBillAmt, OtherBillAmt, TotalBillAmt) values ('NEW', '', '02/16/2007',         11, 0, 0, 0, 0);
insert into Bill (Status, Notes, StartDate, AssetId, TotalDailyBill, DailyBillAmt, OtherBillAmt, TotalBillAmt) values ('NEW', '', '03/01/2007',         11, 0, 0, 0, 0);
insert into Bill (Status, Notes, StartDate, AssetId, TotalDailyBill, DailyBillAmt, OtherBillAmt, TotalBillAmt) values ('NEW', '', '03/16/2007',         11, 0, 0, 0, 0);
insert into Bill (Status, Notes, StartDate, AssetId, TotalDailyBill, DailyBillAmt, OtherBillAmt, TotalBillAmt) values ('NEW', '', '04/01/2007',         11, 0, 0, 0, 0);
insert into Bill (Status, Notes, StartDate, AssetId, TotalDailyBill, DailyBillAmt, OtherBillAmt, TotalBillAmt) values ('NEW', '', '04/16/2007',         11, 0, 0, 0, 0);
insert into Bill (Status, Notes, StartDate, AssetId, TotalDailyBill, DailyBillAmt, OtherBillAmt, TotalBillAmt) values ('NEW', '', '05/01/2007',         11, 0, 0, 0, 0);
insert into Bill (Status, Notes, StartDate, AssetId, TotalDailyBill, DailyBillAmt, OtherBillAmt, TotalBillAmt) values ('NEW', '', '05/16/2007',         11, 0, 0, 0, 0);
insert into Bill (Status, Notes, StartDate, AssetId, TotalDailyBill, DailyBillAmt, OtherBillAmt, TotalBillAmt) values ('NEW', '', '06/01/2007',         11, 0, 0, 0, 0);
insert into Bill (Status, Notes, StartDate, AssetId, TotalDailyBill, DailyBillAmt, OtherBillAmt, TotalBillAmt) values ('NEW', '', '06/16/2007',         11, 0, 0, 0, 0);
insert into Bill (Status, Notes, StartDate, AssetId, TotalDailyBill, DailyBillAmt, OtherBillAmt, TotalBillAmt) values ('NEW', '', '07/01/2007',         11, 0, 0, 0, 0);
insert into Bill (Status, Notes, StartDate, AssetId, TotalDailyBill, DailyBillAmt, OtherBillAmt, TotalBillAmt) values ('NEW', '', '07/16/2007',         11, 0, 0, 0, 0);
insert into Bill (Status, Notes, StartDate, AssetId, TotalDailyBill, DailyBillAmt, OtherBillAmt, TotalBillAmt) values ('NEW', '', '08/01/2007',         11, 0, 0, 0, 0);
insert into Bill (Status, Notes, StartDate, AssetId, TotalDailyBill, DailyBillAmt, OtherBillAmt, TotalBillAmt) values ('NEW', '', '08/16/2007',         11, 0, 0, 0, 0);
insert into Bill (Status, Notes, StartDate, AssetId, TotalDailyBill, DailyBillAmt, OtherBillAmt, TotalBillAmt) values ('NEW', '', '09/01/2007',         11, 0, 0, 0, 0);
insert into Bill (Status, Notes, StartDate, AssetId, TotalDailyBill, DailyBillAmt, OtherBillAmt, TotalBillAmt) values ('NEW', '', '09/16/2007',         11, 0, 0, 0, 0);
insert into Bill (Status, Notes, StartDate, AssetId, TotalDailyBill, DailyBillAmt, OtherBillAmt, TotalBillAmt) values ('NEW', '', '10/01/2007',         11, 0, 0, 0, 0);
insert into Bill (Status, Notes, StartDate, AssetId, TotalDailyBill, DailyBillAmt, OtherBillAmt, TotalBillAmt) values ('NEW', '', '10/16/2007',         11, 0, 0, 0, 0);
insert into Bill (Status, Notes, StartDate, AssetId, TotalDailyBill, DailyBillAmt, OtherBillAmt, TotalBillAmt) values ('NEW', '', '11/01/2007',         11, 0, 0, 0, 0);
insert into Bill (Status, Notes, StartDate, AssetId, TotalDailyBill, DailyBillAmt, OtherBillAmt, TotalBillAmt) values ('NEW', '', '11/16/2007',         11, 0, 0, 0, 0);
insert into Bill (Status, Notes, StartDate, AssetId, TotalDailyBill, DailyBillAmt, OtherBillAmt, TotalBillAmt) values ('NEW', '', '12/01/2007',         11, 0, 0, 0, 0);
insert into Bill (Status, Notes, StartDate, AssetId, TotalDailyBill, DailyBillAmt, OtherBillAmt, TotalBillAmt) values ('NEW', '', '12/16/2007',         11, 0, 0, 0, 0);
insert into Bill (Status, Notes, StartDate, AssetId, TotalDailyBill, DailyBillAmt, OtherBillAmt, TotalBillAmt) values ('NEW', '', '01/01/2007',         12, 0, 0, 0, 0);
insert into Bill (Status, Notes, StartDate, AssetId, TotalDailyBill, DailyBillAmt, OtherBillAmt, TotalBillAmt) values ('NEW', '', '01/16/2007',         12, 0, 0, 0, 0);
insert into Bill (Status, Notes, StartDate, AssetId, TotalDailyBill, DailyBillAmt, OtherBillAmt, TotalBillAmt) values ('NEW', '', '02/01/2007',         12, 0, 0, 0, 0);
insert into Bill (Status, Notes, StartDate, AssetId, TotalDailyBill, DailyBillAmt, OtherBillAmt, TotalBillAmt) values ('NEW', '', '02/16/2007',         12, 0, 0, 0, 0);
insert into Bill (Status, Notes, StartDate, AssetId, TotalDailyBill, DailyBillAmt, OtherBillAmt, TotalBillAmt) values ('NEW', '', '03/01/2007',         12, 0, 0, 0, 0);
insert into Bill (Status, Notes, StartDate, AssetId, TotalDailyBill, DailyBillAmt, OtherBillAmt, TotalBillAmt) values ('NEW', '', '03/16/2007',         12, 0, 0, 0, 0);
insert into Bill (Status, Notes, StartDate, AssetId, TotalDailyBill, DailyBillAmt, OtherBillAmt, TotalBillAmt) values ('NEW', '', '04/01/2007',         12, 0, 0, 0, 0);
insert into Bill (Status, Notes, StartDate, AssetId, TotalDailyBill, DailyBillAmt, OtherBillAmt, TotalBillAmt) values ('NEW', '', '04/16/2007',         12, 0, 0, 0, 0);
insert into Bill (Status, Notes, StartDate, AssetId, TotalDailyBill, DailyBillAmt, OtherBillAmt, TotalBillAmt) values ('NEW', '', '05/01/2007',         12, 0, 0, 0, 0);
insert into Bill (Status, Notes, StartDate, AssetId, TotalDailyBill, DailyBillAmt, OtherBillAmt, TotalBillAmt) values ('NEW', '', '05/16/2007',         12, 0, 0, 0, 0);
insert into Bill (Status, Notes, StartDate, AssetId, TotalDailyBill, DailyBillAmt, OtherBillAmt, TotalBillAmt) values ('NEW', '', '06/01/2007',         12, 0, 0, 0, 0);
insert into Bill (Status, Notes, StartDate, AssetId, TotalDailyBill, DailyBillAmt, OtherBillAmt, TotalBillAmt) values ('NEW', '', '06/16/2007',         12, 0, 0, 0, 0);
insert into Bill (Status, Notes, StartDate, AssetId, TotalDailyBill, DailyBillAmt, OtherBillAmt, TotalBillAmt) values ('NEW', '', '07/01/2007',         12, 0, 0, 0, 0);
insert into Bill (Status, Notes, StartDate, AssetId, TotalDailyBill, DailyBillAmt, OtherBillAmt, TotalBillAmt) values ('NEW', '', '07/16/2007',         12, 0, 0, 0, 0);
insert into Bill (Status, Notes, StartDate, AssetId, TotalDailyBill, DailyBillAmt, OtherBillAmt, TotalBillAmt) values ('NEW', '', '08/01/2007',         12, 0, 0, 0, 0);
insert into Bill (Status, Notes, StartDate, AssetId, TotalDailyBill, DailyBillAmt, OtherBillAmt, TotalBillAmt) values ('NEW', '', '08/16/2007',         12, 0, 0, 0, 0);
insert into Bill (Status, Notes, StartDate, AssetId, TotalDailyBill, DailyBillAmt, OtherBillAmt, TotalBillAmt) values ('NEW', '', '09/01/2007',         12, 0, 0, 0, 0);
insert into Bill (Status, Notes, StartDate, AssetId, TotalDailyBill, DailyBillAmt, OtherBillAmt, TotalBillAmt) values ('NEW', '', '09/16/2007',         12, 0, 0, 0, 0);
insert into Bill (Status, Notes, StartDate, AssetId, TotalDailyBill, DailyBillAmt, OtherBillAmt, TotalBillAmt) values ('NEW', '', '10/01/2007',         12, 0, 0, 0, 0);
insert into Bill (Status, Notes, StartDate, AssetId, TotalDailyBill, DailyBillAmt, OtherBillAmt, TotalBillAmt) values ('NEW', '', '10/16/2007',         12, 0, 0, 0, 0);
insert into Bill (Status, Notes, StartDate, AssetId, TotalDailyBill, DailyBillAmt, OtherBillAmt, TotalBillAmt) values ('NEW', '', '11/01/2007',         12, 0, 0, 0, 0);
insert into Bill (Status, Notes, StartDate, AssetId, TotalDailyBill, DailyBillAmt, OtherBillAmt, TotalBillAmt) values ('NEW', '', '11/16/2007',         12, 0, 0, 0, 0);
insert into Bill (Status, Notes, StartDate, AssetId, TotalDailyBill, DailyBillAmt, OtherBillAmt, TotalBillAmt) values ('NEW', '', '12/01/2007',         12, 0, 0, 0, 0);
insert into Bill (Status, Notes, StartDate, AssetId, TotalDailyBill, DailyBillAmt, OtherBillAmt, TotalBillAmt) values ('NEW', '', '12/16/2007',         12, 0, 0, 0, 0);
insert into Bill (Status, Notes, StartDate, AssetId, TotalDailyBill, DailyBillAmt, OtherBillAmt, TotalBillAmt) values ('NEW', '', '01/01/2007',         13, 0, 0, 0, 0);
insert into Bill (Status, Notes, StartDate, AssetId, TotalDailyBill, DailyBillAmt, OtherBillAmt, TotalBillAmt) values ('NEW', '', '01/16/2007',         13, 0, 0, 0, 0);
insert into Bill (Status, Notes, StartDate, AssetId, TotalDailyBill, DailyBillAmt, OtherBillAmt, TotalBillAmt) values ('NEW', '', '02/01/2007',         13, 0, 0, 0, 0);
insert into Bill (Status, Notes, StartDate, AssetId, TotalDailyBill, DailyBillAmt, OtherBillAmt, TotalBillAmt) values ('NEW', '', '02/16/2007',         13, 0, 0, 0, 0);
insert into Bill (Status, Notes, StartDate, AssetId, TotalDailyBill, DailyBillAmt, OtherBillAmt, TotalBillAmt) values ('NEW', '', '03/01/2007',         13, 0, 0, 0, 0);
insert into Bill (Status, Notes, StartDate, AssetId, TotalDailyBill, DailyBillAmt, OtherBillAmt, TotalBillAmt) values ('NEW', '', '03/16/2007',         13, 0, 0, 0, 0);
insert into Bill (Status, Notes, StartDate, AssetId, TotalDailyBill, DailyBillAmt, OtherBillAmt, TotalBillAmt) values ('NEW', '', '04/01/2007',         13, 0, 0, 0, 0);
insert into Bill (Status, Notes, StartDate, AssetId, TotalDailyBill, DailyBillAmt, OtherBillAmt, TotalBillAmt) values ('NEW', '', '04/16/2007',         13, 0, 0, 0, 0);
insert into Bill (Status, Notes, StartDate, AssetId, TotalDailyBill, DailyBillAmt, OtherBillAmt, TotalBillAmt) values ('NEW', '', '05/01/2007',         13, 0, 0, 0, 0);
insert into Bill (Status, Notes, StartDate, AssetId, TotalDailyBill, DailyBillAmt, OtherBillAmt, TotalBillAmt) values ('NEW', '', '05/16/2007',         13, 0, 0, 0, 0);
insert into Bill (Status, Notes, StartDate, AssetId, TotalDailyBill, DailyBillAmt, OtherBillAmt, TotalBillAmt) values ('NEW', '', '06/01/2007',         13, 0, 0, 0, 0);
insert into Bill (Status, Notes, StartDate, AssetId, TotalDailyBill, DailyBillAmt, OtherBillAmt, TotalBillAmt) values ('NEW', '', '06/16/2007',         13, 0, 0, 0, 0);
insert into Bill (Status, Notes, StartDate, AssetId, TotalDailyBill, DailyBillAmt, OtherBillAmt, TotalBillAmt) values ('NEW', '', '07/01/2007',         13, 0, 0, 0, 0);
insert into Bill (Status, Notes, StartDate, AssetId, TotalDailyBill, DailyBillAmt, OtherBillAmt, TotalBillAmt) values ('NEW', '', '07/16/2007',         13, 0, 0, 0, 0);
insert into Bill (Status, Notes, StartDate, AssetId, TotalDailyBill, DailyBillAmt, OtherBillAmt, TotalBillAmt) values ('NEW', '', '08/01/2007',         13, 0, 0, 0, 0);
insert into Bill (Status, Notes, StartDate, AssetId, TotalDailyBill, DailyBillAmt, OtherBillAmt, TotalBillAmt) values ('NEW', '', '08/16/2007',         13, 0, 0, 0, 0);
insert into Bill (Status, Notes, StartDate, AssetId, TotalDailyBill, DailyBillAmt, OtherBillAmt, TotalBillAmt) values ('NEW', '', '09/01/2007',         13, 0, 0, 0, 0);
insert into Bill (Status, Notes, StartDate, AssetId, TotalDailyBill, DailyBillAmt, OtherBillAmt, TotalBillAmt) values ('NEW', '', '09/16/2007',         13, 0, 0, 0, 0);
insert into Bill (Status, Notes, StartDate, AssetId, TotalDailyBill, DailyBillAmt, OtherBillAmt, TotalBillAmt) values ('NEW', '', '10/01/2007',         13, 0, 0, 0, 0);
insert into Bill (Status, Notes, StartDate, AssetId, TotalDailyBill, DailyBillAmt, OtherBillAmt, TotalBillAmt) values ('NEW', '', '10/16/2007',         13, 0, 0, 0, 0);
insert into Bill (Status, Notes, StartDate, AssetId, TotalDailyBill, DailyBillAmt, OtherBillAmt, TotalBillAmt) values ('NEW', '', '11/01/2007',         13, 0, 0, 0, 0);
insert into Bill (Status, Notes, StartDate, AssetId, TotalDailyBill, DailyBillAmt, OtherBillAmt, TotalBillAmt) values ('NEW', '', '11/16/2007',         13, 0, 0, 0, 0);
insert into Bill (Status, Notes, StartDate, AssetId, TotalDailyBill, DailyBillAmt, OtherBillAmt, TotalBillAmt) values ('NEW', '', '12/01/2007',         13, 0, 0, 0, 0);
insert into Bill (Status, Notes, StartDate, AssetId, TotalDailyBill, DailyBillAmt, OtherBillAmt, TotalBillAmt) values ('NEW', '', '12/16/2007',         13, 0, 0, 0, 0);
insert into Bill (Status, Notes, StartDate, AssetId, TotalDailyBill, DailyBillAmt, OtherBillAmt, TotalBillAmt) values ('NEW', '', '01/01/2007',         14, 0, 0, 0, 0);
insert into Bill (Status, Notes, StartDate, AssetId, TotalDailyBill, DailyBillAmt, OtherBillAmt, TotalBillAmt) values ('NEW', '', '01/16/2007',         14, 0, 0, 0, 0);
insert into Bill (Status, Notes, StartDate, AssetId, TotalDailyBill, DailyBillAmt, OtherBillAmt, TotalBillAmt) values ('NEW', '', '02/01/2007',         14, 0, 0, 0, 0);
insert into Bill (Status, Notes, StartDate, AssetId, TotalDailyBill, DailyBillAmt, OtherBillAmt, TotalBillAmt) values ('NEW', '', '02/16/2007',         14, 0, 0, 0, 0);
insert into Bill (Status, Notes, StartDate, AssetId, TotalDailyBill, DailyBillAmt, OtherBillAmt, TotalBillAmt) values ('NEW', '', '03/01/2007',         14, 0, 0, 0, 0);
insert into Bill (Status, Notes, StartDate, AssetId, TotalDailyBill, DailyBillAmt, OtherBillAmt, TotalBillAmt) values ('NEW', '', '03/16/2007',         14, 0, 0, 0, 0);
insert into Bill (Status, Notes, StartDate, AssetId, TotalDailyBill, DailyBillAmt, OtherBillAmt, TotalBillAmt) values ('NEW', '', '04/01/2007',         14, 0, 0, 0, 0);
insert into Bill (Status, Notes, StartDate, AssetId, TotalDailyBill, DailyBillAmt, OtherBillAmt, TotalBillAmt) values ('NEW', '', '04/16/2007',         14, 0, 0, 0, 0);
insert into Bill (Status, Notes, StartDate, AssetId, TotalDailyBill, DailyBillAmt, OtherBillAmt, TotalBillAmt) values ('NEW', '', '05/01/2007',         14, 0, 0, 0, 0);
insert into Bill (Status, Notes, StartDate, AssetId, TotalDailyBill, DailyBillAmt, OtherBillAmt, TotalBillAmt) values ('NEW', '', '05/16/2007',         14, 0, 0, 0, 0);
insert into Bill (Status, Notes, StartDate, AssetId, TotalDailyBill, DailyBillAmt, OtherBillAmt, TotalBillAmt) values ('NEW', '', '06/01/2007',         14, 0, 0, 0, 0);
insert into Bill (Status, Notes, StartDate, AssetId, TotalDailyBill, DailyBillAmt, OtherBillAmt, TotalBillAmt) values ('NEW', '', '06/16/2007',         14, 0, 0, 0, 0);
insert into Bill (Status, Notes, StartDate, AssetId, TotalDailyBill, DailyBillAmt, OtherBillAmt, TotalBillAmt) values ('NEW', '', '07/01/2007',         14, 0, 0, 0, 0);
insert into Bill (Status, Notes, StartDate, AssetId, TotalDailyBill, DailyBillAmt, OtherBillAmt, TotalBillAmt) values ('NEW', '', '07/16/2007',         14, 0, 0, 0, 0);
insert into Bill (Status, Notes, StartDate, AssetId, TotalDailyBill, DailyBillAmt, OtherBillAmt, TotalBillAmt) values ('NEW', '', '08/01/2007',         14, 0, 0, 0, 0);
insert into Bill (Status, Notes, StartDate, AssetId, TotalDailyBill, DailyBillAmt, OtherBillAmt, TotalBillAmt) values ('NEW', '', '08/16/2007',         14, 0, 0, 0, 0);
insert into Bill (Status, Notes, StartDate, AssetId, TotalDailyBill, DailyBillAmt, OtherBillAmt, TotalBillAmt) values ('NEW', '', '09/01/2007',         14, 0, 0, 0, 0);
insert into Bill (Status, Notes, StartDate, AssetId, TotalDailyBill, DailyBillAmt, OtherBillAmt, TotalBillAmt) values ('NEW', '', '09/16/2007',         14, 0, 0, 0, 0);
insert into Bill (Status, Notes, StartDate, AssetId, TotalDailyBill, DailyBillAmt, OtherBillAmt, TotalBillAmt) values ('NEW', '', '10/01/2007',         14, 0, 0, 0, 0);
insert into Bill (Status, Notes, StartDate, AssetId, TotalDailyBill, DailyBillAmt, OtherBillAmt, TotalBillAmt) values ('NEW', '', '10/16/2007',         14, 0, 0, 0, 0);
insert into Bill (Status, Notes, StartDate, AssetId, TotalDailyBill, DailyBillAmt, OtherBillAmt, TotalBillAmt) values ('NEW', '', '11/01/2007',         14, 0, 0, 0, 0);
insert into Bill (Status, Notes, StartDate, AssetId, TotalDailyBill, DailyBillAmt, OtherBillAmt, TotalBillAmt) values ('NEW', '', '11/16/2007',         14, 0, 0, 0, 0);
insert into Bill (Status, Notes, StartDate, AssetId, TotalDailyBill, DailyBillAmt, OtherBillAmt, TotalBillAmt) values ('NEW', '', '12/01/2007',         14, 0, 0, 0, 0);
insert into Bill (Status, Notes, StartDate, AssetId, TotalDailyBill, DailyBillAmt, OtherBillAmt, TotalBillAmt) values ('NEW', '', '12/16/2007',         14, 0, 0, 0, 0);
insert into Bill (Status, Notes, StartDate, AssetId, TotalDailyBill, DailyBillAmt, OtherBillAmt, TotalBillAmt) values ('NEW', '', '01/01/2007',         15, 0, 0, 0, 0);
insert into Bill (Status, Notes, StartDate, AssetId, TotalDailyBill, DailyBillAmt, OtherBillAmt, TotalBillAmt) values ('NEW', '', '01/16/2007',         15, 0, 0, 0, 0);
insert into Bill (Status, Notes, StartDate, AssetId, TotalDailyBill, DailyBillAmt, OtherBillAmt, TotalBillAmt) values ('NEW', '', '02/01/2007',         15, 0, 0, 0, 0);
insert into Bill (Status, Notes, StartDate, AssetId, TotalDailyBill, DailyBillAmt, OtherBillAmt, TotalBillAmt) values ('NEW', '', '02/16/2007',         15, 0, 0, 0, 0);
insert into Bill (Status, Notes, StartDate, AssetId, TotalDailyBill, DailyBillAmt, OtherBillAmt, TotalBillAmt) values ('NEW', '', '03/01/2007',         15, 0, 0, 0, 0);
insert into Bill (Status, Notes, StartDate, AssetId, TotalDailyBill, DailyBillAmt, OtherBillAmt, TotalBillAmt) values ('NEW', '', '03/16/2007',         15, 0, 0, 0, 0);
insert into Bill (Status, Notes, StartDate, AssetId, TotalDailyBill, DailyBillAmt, OtherBillAmt, TotalBillAmt) values ('NEW', '', '04/01/2007',         15, 0, 0, 0, 0);
insert into Bill (Status, Notes, StartDate, AssetId, TotalDailyBill, DailyBillAmt, OtherBillAmt, TotalBillAmt) values ('NEW', '', '04/16/2007',         15, 0, 0, 0, 0);
insert into Bill (Status, Notes, StartDate, AssetId, TotalDailyBill, DailyBillAmt, OtherBillAmt, TotalBillAmt) values ('NEW', '', '05/01/2007',         15, 0, 0, 0, 0);
insert into Bill (Status, Notes, StartDate, AssetId, TotalDailyBill, DailyBillAmt, OtherBillAmt, TotalBillAmt) values ('NEW', '', '05/16/2007',         15, 0, 0, 0, 0);
insert into Bill (Status, Notes, StartDate, AssetId, TotalDailyBill, DailyBillAmt, OtherBillAmt, TotalBillAmt) values ('NEW', '', '06/01/2007',         15, 0, 0, 0, 0);
insert into Bill (Status, Notes, StartDate, AssetId, TotalDailyBill, DailyBillAmt, OtherBillAmt, TotalBillAmt) values ('NEW', '', '06/16/2007',         15, 0, 0, 0, 0);
insert into Bill (Status, Notes, StartDate, AssetId, TotalDailyBill, DailyBillAmt, OtherBillAmt, TotalBillAmt) values ('NEW', '', '07/01/2007',         15, 0, 0, 0, 0);
insert into Bill (Status, Notes, StartDate, AssetId, TotalDailyBill, DailyBillAmt, OtherBillAmt, TotalBillAmt) values ('NEW', '', '07/16/2007',         15, 0, 0, 0, 0);
insert into Bill (Status, Notes, StartDate, AssetId, TotalDailyBill, DailyBillAmt, OtherBillAmt, TotalBillAmt) values ('NEW', '', '08/01/2007',         15, 0, 0, 0, 0);
insert into Bill (Status, Notes, StartDate, AssetId, TotalDailyBill, DailyBillAmt, OtherBillAmt, TotalBillAmt) values ('NEW', '', '08/16/2007',         15, 0, 0, 0, 0);
insert into Bill (Status, Notes, StartDate, AssetId, TotalDailyBill, DailyBillAmt, OtherBillAmt, TotalBillAmt) values ('NEW', '', '09/01/2007',         15, 0, 0, 0, 0);
insert into Bill (Status, Notes, StartDate, AssetId, TotalDailyBill, DailyBillAmt, OtherBillAmt, TotalBillAmt) values ('NEW', '', '09/16/2007',         15, 0, 0, 0, 0);
insert into Bill (Status, Notes, StartDate, AssetId, TotalDailyBill, DailyBillAmt, OtherBillAmt, TotalBillAmt) values ('NEW', '', '10/01/2007',         15, 0, 0, 0, 0);
insert into Bill (Status, Notes, StartDate, AssetId, TotalDailyBill, DailyBillAmt, OtherBillAmt, TotalBillAmt) values ('NEW', '', '10/16/2007',         15, 0, 0, 0, 0);
insert into Bill (Status, Notes, StartDate, AssetId, TotalDailyBill, DailyBillAmt, OtherBillAmt, TotalBillAmt) values ('NEW', '', '11/01/2007',         15, 0, 0, 0, 0);
insert into Bill (Status, Notes, StartDate, AssetId, TotalDailyBill, DailyBillAmt, OtherBillAmt, TotalBillAmt) values ('NEW', '', '11/16/2007',         15, 0, 0, 0, 0);
insert into Bill (Status, Notes, StartDate, AssetId, TotalDailyBill, DailyBillAmt, OtherBillAmt, TotalBillAmt) values ('NEW', '', '12/01/2007',         15, 0, 0, 0, 0);
insert into Bill (Status, Notes, StartDate, AssetId, TotalDailyBill, DailyBillAmt, OtherBillAmt, TotalBillAmt) values ('NEW', '', '12/16/2007',         15, 0, 0, 0, 0);


update Bill set Status='NEW', TotalDailyBill = 0, DailyBillAmt = 0, OtherBillAmt = 0, TotalBillAmt = 0
update Bill set Status='CONFIRMED' where substring(StartDate, 1, 2) < '08'
