<?xml version="1.0" encoding="UTF-8"?>
<index>
	<title>Source of Flex2MSMQ</title>
	<nodes>
		<node label="generated">
		</node>
		<node label="Consumer.html" icon="htmlIcon" url="source/Consumer.html"/>
		<node label="DrawingBoardEvent.as" icon="actionScriptIcon" url="source/DrawingBoardEvent.as.html"/>
		<node selected="true" label="Flex2MSMQ.mxml" icon="mxmlAppIcon" url="source/Flex2MSMQ.mxml.html"/>
		<node label="index.htm" icon="htmlIcon" url="source/index.htm"/>
		<node label="Producer.html" icon="htmlIcon" url="source/Producer.html"/>
		<node label="TextBoardEvent.as" icon="actionScriptIcon" url="source/TextBoardEvent.as.html"/>
		<node label="weborb.swc" url="source/weborb.swc"/>
	</nodes>
	<zipfile label="Download source (ZIP, 47K)" url="Flex2MSMQ.zip"/>
	<sdklink label="Download Flex 2 SDK" url="http://www.adobe.com/go/flex2_sdk"/>
</index>
