<FlashORB Name="FlashORB Documentation" >
  <Node Name="Introduction" Expand="yes">
    <Node Name="Overview">../introduction/overview.htm</Node>
    <Node Name="FlashORB vs. Flash MX Remoting">../introduction/comparison.htm</Node>
    <Node Name="Architecture Overview">../introduction/architecture.htm</Node>
    <Node Name="Professional vs Standard">../introduction/provsstandard.htm</Node>
  </Node>
	<Node Name="Installation">
		<Node Name="Standalone">../installation/standalone/introduction.htm</Node>
		<Node Name="Hosted">
			<Node Name="License File Deployment">../installation/hosted/licensedeployment.htm</Node>
			<Node Name="Tomcat">../installation/hosted/tomcat/tomcatdoc.htm</Node>
			<Node Name="WebLogic">../installation/hosted/weblogic/weblogicdoc.htm</Node>
			<Node Name="WebSphere">../installation/hosted/websphere/webspheredoc.htm</Node>
			<Node Name="Orioclass is abstract interface java.util.SortedSetn">../installation/hosted/orion/oriondoc.htm</Node>
			<Node Name="SunONE">../installation/hosted/sunone/sunonedoc.htm</Node>
			<Node Name="JBOSS">../installation/hosted/jboss/jbossdoc.htm</Node>
			<Node Name="Resin">../installation/hosted/resin/resindoc.htm</Node>
			<Node Name="JRUN">../installation/hosted/jrun/jrundoc.htm</Node>
		</Node>
	</Node>
		<Node Name="Application Deployment">
			<Node Name="Overview">../deployment/index.htm</Node>
		</Node>
		<Node Name="Configuration">
			<Node Name="Logging">../configuration/logging.htm</Node>
			<Node Name="Named Services">../configuration/namedservices.htm</Node>
			<Node Name="Service Activators">../activation/custom.htm#activatorconfig</Node>
			<Node Name="Service Inspectors">../configuration/serviceinspectors.htm</Node>
			<Node Name="Service Invokers">../configuration/serviceinvokers.htm</Node>
			<Node Name="Web Services">../configuration/webservices.htm</Node>
			<Node Name="Abstract Mappings">../configuration/abstractmappings.htm</Node>
			<Node Name="Custom Serializers">../configuration/customserializers.htm</Node>
			<Node Name="Security">../security/index.htm#configuration</Node>
			<Node Name="Service Factories">../configuration/servicefactories.htm</Node>
			<Node Name="Argument Factories">../configuration/argumentfactories.htm</Node>
			<Node Name="Call Tracing">../configuration/calltracing.htm</Node>
			<Node Name="Message Server">../configuration/messageserver.htm</Node>
		</Node>
		<Node Name="Security">
			<Node Name="Introduction">../security/index.htm#introduction</Node>
			<Node Name="Access Constraints">../security/index.htm#accessconstraints</Node>
			<Node Name="Code Access Security">../security/index.htm#codeaccesssecurity</Node>
			<Node Name="Configuration File">../security/index.htm#configuration</Node>
			<Node Name="Managing with Console">../security/index.htm#managewithconsole</Node>
		</Node>
		<Node Name="Management Console">
			<Node Name="Introduction">../console/index.htm</Node>
			<Node Name="System Overview Module">../console/systemoverview.htm</Node>
			<Node Name="Invocation Monitor Module">../console/invocationmonitor.htm</Node>
			<Node Name="Security Module">../security/index.htm#managewithconsole</Node>
			<Node Name="Administration Module">../security/administration.htm</Node>
		</Node>

	<Node Name="Inspection">
		<Node Name="Introduction">../inspection/introduction.htm</Node>
		<Node Name="Inspecting Java Objects">../inspection/javaobject.htm</Node>
		<Node Name="Inspecting EJBs">../inspection/ejb.htm</Node>
		<Node Name="Inspecting Web Services">../inspection/webservice.htm</Node>
		<Node Name="Installing custom inspectors">../inspection/custom.htm</Node>
	</Node>
	<Node Name="Service Activation">
		 <Node Name="Introduction">../activation/introduction.htm</Node>
		 <Node Name="Request Activation">../activation/request.htm</Node>
		 <Node Name="Session Activation">../activation/session.htm</Node>
		 <Node Name="Java Session Activation Example">../activation/session_java.htm</Node>
		 <Node Name=".Net Session Activation Example">../activation/session_dotnet.htm</Node>
		 <Node Name="Application Activation">../activation/application.htm</Node>
		 <Node Name="Java Application Activation Example">../activation/application_java.htm</Node>
		 <Node Name=".Net Application Activation Example">../activation/application_dotnet.htm</Node>
		 <Node Name="Custom Activation">../activation/custom.htm</Node>
	</Node>
	<Node Name="Service Invocation">
		<Node Name="Introduction">../invocation/introduction.htm</Node>
		<Node Name="Invoking Java Objects">../invocation/javaobjects.htm</Node>
		<Node Name="Invoking EJBs">../invocation/ejb.htm</Node>
		<Node Name="Invoking Web Services">../invocation/webservices.htm</Node>
		<Node Name="Installing Custom Invokers">../invocation/custominvoker.htm</Node>
			<Node Name="Factories">
				<Node Name="Service Factories">../invocation/factories/servicefactories.htm</Node>
				<Node Name="Java Service Factory Example">../invocation/factories/servicefactories_java.htm</Node>
				<Node Name=".Net Service Factory Example">../invocation/factories/servicefactories_dotnet.htm</Node>
				<Node Name="Argument Factories">../invocation/factories/argumentfactories.htm</Node>
				<Node Name="Java Argument Factory Example">../invocation/factories/argumentfactories_java.htm</Node>
				<Node Name=".Net Argument Factory Example">../invocation/factories/argumentfactories_dotnet.htm</Node>
			</Node>
			<Node Name="Object Serialization">
			<Node Name="Introduction">../invocation/serialization/introduction.htm</Node>
				 <Node Name="Object Types">
				 <Node Name="Primitives">../invocation/serialization/types/primitives.htm</Node>
				 <Node Name="Strings">../invocation/serialization/types/strings.htm</Node>
				 <Node Name="Complex Types">../invocation/serialization/types/complextypes.htm</Node>
				 <Node Name="Java Collections">../invocation/serialization/types/collections_java.htm</Node>
				 <Node Name=".Net Collections">../invocation/serialization/types/collections_dotnet.htm</Node>
				 <Node Name="JDBC ResultSets">../invocation/serialization/types/jdbc.htm</Node>
			</Node>
			<Node Name="Custom Serialization">../invocation/serialization/serializers/custom.htm</Node>
		</Node>         
	</Node>
	<Node Name="Logging">
		<Node Name="Introduction">../logging/logging.htm</Node>
		<Node Name="Logging Policies">../logging/policies.htm</Node>
	</Node>
	<Node Name="Message Server">
		<Node Name="Introduction">../messageserver/messageserver.htm</Node>
		<Node Name="Java Broadcast Example">../messageserver/broadcast_java.htm</Node>
		<Node Name=".Net Broadcast Example">../messageserver/broadcast_dotnet.htm</Node>
		<Node Name="Java Unicast Example">../messageserver/unicast_java.htm</Node>
		<Node Name=".Net Unicast Example">../messageserver/unicast_dotnet.htm</Node>
	</Node>
</FlashORB>
